4,0,46,Red
4,1,46,Red
4,1,47,Red
4,1,54,Red
4,2,46,Red
4,2,47,Red
4,2,48,Red
4,2,53,Red
4,2,54,Red
4,3,47,Red
4,3,48,Red
4,3,49,Red
4,3,53,Red
4,3,54,Red
4,4,48,Red
4,4,49,Red
4,4,50,Red
4,4,51,Red
4,4,52,Red
4,4,53,Red
4,5,49,Red
4,5,50,Red
4,5,51,Red
4,5,52,Red
4,6,50,Red
4,6,51,Red
4,6,52,Red
5,2,44,Red
5,3,44,Red
5,3,56,Red
5,4,44,Red
5,4,45,Red
5,4,56,Red
5,5,45,Red
5,5,46,Red
5,5,47,Red
5,5,48,Red
5,5,49,Red
5,5,50,Red
5,5,51,Red
5,5,52,Red
5,5,53,Red
5,5,54,Red
5,5,55,Red
5,5,56,Red
5,6,45,Red
5,6,46,Red
5,6,47,Red
5,6,48,Red
5,6,49,Red
5,6,50,Red
5,6,51,Red
5,6,52,Red
5,6,53,Red
5,6,54,Red
5,6,55,Red
5,7,46,Red
5,7,47,Red
5,7,48,Red
5,7,49,Red
5,7,50,Red
5,7,51,Red
5,7,52,Red
5,7,53,Red
5,7,54,Red
5,7,55,Red
6,0,41,Red
6,0,51,Red
6,1,41,Red
6,1,51,Red
6,1,56,Red
6,2,41,Red
6,2,42,Red
6,2,50,Red
6,2,51,Red
6,2,56,Red
6,3,42,Red
6,3,50,Red
6,3,56,Red
6,3,57,Red
6,3,58,Red
6,4,42,Red
6,4,43,Red
6,4,49,Red
6,4,50,Red
6,4,57,Red
6,4,58,Red
6,5,43,Red
6,5,44,Red
6,5,45,Red
6,5,46,Red
6,5,47,Red
6,5,48,Red
6,5,49,Red
6,5,57,Red
6,5,58,Red
6,6,43,Red
6,6,44,Red
6,6,45,Red
6,6,46,Red
6,6,47,Red
6,6,48,Red
6,6,49,Red
6,7,44,Red
6,7,45,Red
6,7,46,Red
6,7,47,Red
6,7,48,Red
7,1,40,Red
7,2,40,Red
7,2,48,Red
7,3,40,Red
7,3,48,Red
7,4,41,Red
7,4,47,Red
7,4,48,Red
7,5,41,Red
7,5,42,Red
7,5,43,Red
7,5,44,Red
7,5,45,Red
7,5,46,Red
7,5,47,Red
7,6,41,Red
7,6,42,Red
7,6,43,Red
7,6,44,Red
7,6,45,Red
7,6,46,Red
7,6,47,Red
7,7,42,Red
7,7,43,Red
7,7,44,Red
7,7,45,Red
7,7,46,Red
8,0,38,Red
8,0,52,Black
8,0,53,Black
8,0,54,Black
8,0,55,Black
8,0,56,Black
8,0,57,Black
8,0,58,Black
8,0,59,Black
8,0,60,Black
8,0,61,Black
8,0,62,Black
8,0,63,Black
8,1,38,Red
8,1,47,Red
8,1,52,Black
8,1,53,Black
8,1,54,Black
8,1,55,Black
8,1,56,Black
8,1,57,Black
8,1,58,Black
8,1,59,Black
8,1,60,Black
8,1,61,Black
8,1,62,Black
8,1,63,Black
8,2,38,Red
8,2,47,Red
8,2,52,Black
8,2,53,Black
8,2,54,Black
8,2,55,Black
8,2,56,Black
8,2,57,Black
8,2,58,Black
8,2,59,Black
8,2,60,Black
8,2,61,Black
8,2,62,Black
8,2,63,Black
8,3,39,Red
8,3,47,Red
8,3,52,Black
8,3,53,Black
8,3,54,Black
8,3,55,Black
8,3,56,Black
8,3,57,Black
8,3,58,Black
8,3,59,Black
8,3,60,Black
8,3,61,Black
8,3,62,Black
8,3,63,Black
8,4,39,Red
8,4,40,Red
8,4,46,Red
8,4,52,Black
8,4,53,Black
8,4,54,Black
8,4,55,Black
8,4,56,Black
8,4,57,Black
8,4,58,Black
8,4,59,Black
8,4,60,Black
8,4,61,Black
8,4,62,Black
8,4,63,Black
8,5,39,Red
8,5,40,Red
8,5,41,Red
8,5,42,Red
8,5,43,Red
8,5,44,Red
8,5,45,Red
8,5,46,Red
8,5,52,Black
8,5,53,Black
8,5,54,Black
8,5,55,Black
8,5,56,Black
8,5,57,Black
8,5,58,Black
8,5,59,Black
8,5,60,Black
8,5,61,Black
8,5,62,Black
8,5,63,Black
8,6,40,Red
8,6,41,Red
8,6,42,Red
8,6,43,Red
8,6,44,Red
8,6,45,Red
8,6,46,Red
8,6,52,Black
8,6,53,Black
8,6,54,Black
8,6,55,Black
8,6,56,Black
8,6,57,Black
8,6,58,Black
8,6,59,Black
8,6,60,Black
8,6,61,Black
8,6,62,Black
8,6,63,Black
8,7,41,Red
8,7,42,Red
8,7,43,Red
8,7,44,Red
8,7,45,Red
8,7,52,Black
8,7,53,Black
8,7,54,Black
8,7,55,Black
8,7,56,Black
8,7,57,Black
8,7,58,Black
8,7,59,Black
8,7,60,Black
8,7,61,Black
8,7,62,Black
8,7,63,Black
8,8,52,Black
8,8,53,Black
8,8,54,Black
8,8,55,Black
8,8,56,Black
8,8,57,Black
8,8,58,Black
8,8,59,Black
8,8,60,Black
8,8,61,Black
8,8,62,Black
8,8,63,Black
8,9,52,Black
8,9,53,Black
8,9,54,Black
8,9,55,Black
8,9,56,Black
8,9,57,Black
8,9,58,Black
8,9,59,Black
8,9,60,Black
8,9,61,Black
8,9,62,Black
8,9,63,Black
9,0,46,Red
9,0,52,Black
9,0,53,Black
9,0,54,Black
9,0,55,Black
9,0,56,Black
9,0,57,Black
9,0,58,Black
9,0,59,Black
9,0,60,Black
9,0,61,Black
9,0,62,Black
9,0,63,Black
9,1,37,Red
9,1,46,Red
9,1,52,Black
9,1,53,Black
9,1,54,Black
9,1,55,Black
9,1,56,Black
9,1,57,Black
9,1,58,Black
9,1,59,Black
9,1,60,Black
9,1,61,Black
9,1,62,Black
9,1,63,Black
9,2,37,Red
9,2,46,Red
9,2,52,Black
9,2,53,Black
9,2,54,Black
9,2,55,Black
9,2,56,Black
9,2,57,Black
9,2,58,Black
9,2,59,Black
9,2,60,Black
9,2,61,Black
9,2,62,Black
9,2,63,Black
9,3,37,Red
9,3,38,Red
9,3,52,Black
9,3,53,Black
9,3,54,Black
9,3,55,Black
9,3,56,Black
9,3,57,Black
9,3,58,Black
9,3,59,Black
9,3,60,Black
9,3,61,Black
9,3,62,Black
9,3,63,Black
9,4,38,Red
9,4,45,Red
9,4,52,Black
9,4,53,Black
9,4,54,Black
9,4,55,Black
9,4,56,Black
9,4,57,Black
9,4,58,Black
9,4,59,Black
9,4,60,Black
9,4,61,Black
9,4,62,Black
9,4,63,Black
9,5,38,Red
9,5,39,Red
9,5,40,Red
9,5,41,Red
9,5,42,Red
9,5,43,Red
9,5,44,Red
9,5,45,Red
9,5,52,Black
9,5,53,Black
9,5,54,Black
9,5,55,Black
9,5,56,Black
9,5,57,Black
9,5,58,Black
9,5,59,Black
9,5,60,Black
9,5,61,Black
9,5,62,Black
9,5,63,Black
9,6,39,Red
9,6,40,Red
9,6,41,Red
9,6,42,Red
9,6,43,Red
9,6,44,Red
9,6,45,Red
9,6,52,Black
9,6,53,Black
9,6,54,Black
9,6,55,Black
9,6,56,Black
9,6,57,Black
9,6,58,Black
9,6,59,Black
9,6,60,Black
9,6,61,Black
9,6,62,Black
9,6,63,Black
9,7,39,Red
9,7,40,Red
9,7,41,Red
9,7,42,Red
9,7,43,Red
9,7,44,Red
9,7,52,Black
9,7,53,Black
9,7,54,Black
9,7,55,Black
9,7,56,Black
9,7,57,Black
9,7,58,Black
9,7,59,Black
9,7,60,Black
9,7,61,Black
9,7,62,Black
9,7,63,Black
9,8,52,Black
9,8,53,Black
9,8,54,Black
9,8,55,Black
9,8,56,Black
9,8,57,Black
9,8,58,Black
9,8,59,Black
9,8,60,Black
9,8,61,Black
9,8,62,Black
9,8,63,Black
9,9,52,Black
9,9,53,Black
9,9,54,Black
9,9,55,Black
9,9,56,Black
9,9,57,Black
9,9,58,Black
9,9,59,Black
9,9,60,Black
9,9,61,Black
9,9,62,Black
9,9,63,Black
10,0,52,Black
10,0,53,Black
10,0,54,Black
10,0,55,Black
10,0,56,Black
10,0,57,Black
10,0,58,Black
10,0,59,Black
10,0,60,Black
10,0,61,Black
10,0,62,Black
10,0,63,Black
10,1,36,Red
10,1,45,Red
10,1,52,Black
10,1,53,Black
10,1,54,Black
10,1,55,Black
10,1,56,Black
10,1,57,Black
10,1,58,Black
10,1,59,Black
10,1,60,Black
10,1,61,Black
10,1,62,Black
10,1,63,Black
10,2,36,Red
10,2,45,Red
10,2,52,Black
10,2,53,Black
10,2,54,Black
10,2,55,Black
10,2,56,Black
10,2,57,Black
10,2,58,Black
10,2,59,Black
10,2,60,Black
10,2,61,Black
10,2,62,Black
10,2,63,Black
10,3,36,Red
10,3,37,Red
10,3,45,Red
10,3,52,Black
10,3,53,Black
10,3,54,Black
10,3,55,Black
10,3,56,Black
10,3,57,Black
10,3,58,Black
10,3,59,Black
10,3,60,Black
10,3,61,Black
10,3,62,Black
10,3,63,Black
10,4,37,Red
10,4,44,Red
10,4,52,Black
10,4,53,Black
10,4,54,Black
10,4,55,Black
10,4,56,Black
10,4,57,Black
10,4,58,Black
10,4,59,Black
10,4,60,Black
10,4,61,Black
10,4,62,Black
10,4,63,Black
10,5,37,Red
10,5,38,Red
10,5,39,Red
10,5,40,Red
10,5,41,Red
10,5,42,Red
10,5,43,Red
10,5,44,Red
10,5,52,Black
10,5,53,Black
10,5,54,Black
10,5,55,Black
10,5,56,Black
10,5,57,Black
10,5,58,Black
10,5,59,Black
10,5,60,Black
10,5,61,Black
10,5,62,Black
10,5,63,Black
10,6,38,Red
10,6,39,Red
10,6,40,Red
10,6,41,Red
10,6,42,Red
10,6,43,Red
10,6,44,Red
10,6,52,Black
10,6,53,Black
10,6,54,Black
10,6,55,Black
10,6,56,Black
10,6,57,Black
10,6,58,Black
10,6,59,Black
10,6,60,Black
10,6,61,Black
10,6,62,Black
10,6,63,Black
10,7,38,Red
10,7,39,Red
10,7,40,Red
10,7,41,Red
10,7,42,Red
10,7,43,Red
10,7,52,Black
10,7,53,Black
10,7,54,Black
10,7,55,Black
10,7,56,Black
10,7,57,Black
10,7,58,Black
10,7,59,Black
10,7,60,Black
10,7,61,Black
10,7,62,Black
10,7,63,Black
10,8,52,Black
10,8,53,Black
10,8,54,Black
10,8,55,Black
10,8,56,Black
10,8,57,Black
10,8,58,Black
10,8,59,Black
10,8,60,Black
10,8,61,Black
10,8,62,Black
10,8,63,Black
10,9,52,Black
10,9,53,Black
10,9,54,Black
10,9,55,Black
10,9,56,Black
10,9,57,Black
10,9,58,Black
10,9,59,Black
10,9,60,Black
10,9,61,Black
10,9,62,Black
10,9,63,Black
11,0,52,Black
11,0,53,Black
11,0,54,Black
11,0,55,Black
11,0,56,Black
11,0,57,Black
11,0,58,Black
11,0,59,Black
11,0,60,Black
11,0,61,Black
11,0,62,Black
11,0,63,Black
11,1,35,Red
11,1,52,Black
11,1,53,Black
11,1,54,Black
11,1,55,Black
11,1,56,Black
11,1,57,Black
11,1,58,Black
11,1,59,Black
11,1,60,Black
11,1,61,Black
11,1,62,Black
11,1,63,Black
11,2,35,Red
11,2,44,Red
11,2,52,Black
11,2,53,Black
11,2,54,Black
11,2,55,Black
11,2,56,Black
11,2,57,Black
11,2,58,Black
11,2,59,Black
11,2,60,Black
11,2,61,Black
11,2,62,Black
11,2,63,Black
11,3,35,Red
11,3,36,Red
11,3,44,Red
11,3,52,Black
11,3,53,Black
11,3,54,Black
11,3,55,Black
11,3,56,Black
11,3,57,Black
11,3,58,Black
11,3,59,Black
11,3,60,Black
11,3,61,Black
11,3,62,Black
11,3,63,Black
11,4,36,Red
11,4,43,Red
11,4,44,Red
11,4,52,Black
11,4,53,Black
11,4,54,Black
11,4,55,Black
11,4,56,Black
11,4,57,Black
11,4,58,Black
11,4,59,Black
11,4,60,Black
11,4,61,Black
11,4,62,Black
11,4,63,Black
11,5,36,Red
11,5,37,Red
11,5,38,Red
11,5,39,Red
11,5,40,Red
11,5,41,Red
11,5,42,Red
11,5,43,Red
11,5,52,Black
11,5,53,Black
11,5,54,Black
11,5,55,Black
11,5,56,Black
11,5,57,Black
11,5,58,Black
11,5,59,Black
11,5,60,Black
11,5,61,Black
11,5,62,Black
11,5,63,Black
11,6,37,Red
11,6,38,Red
11,6,39,Red
11,6,40,Red
11,6,41,Red
11,6,42,Red
11,6,43,Red
11,6,52,Black
11,6,53,Black
11,6,54,Black
11,6,55,Black
11,6,56,Black
11,6,57,Black
11,6,58,Black
11,6,59,Black
11,6,60,Black
11,6,61,Black
11,6,62,Black
11,6,63,Black
11,7,37,Red
11,7,38,Red
11,7,39,Red
11,7,40,Red
11,7,41,Red
11,7,42,Red
11,7,52,Black
11,7,53,Black
11,7,54,Black
11,7,55,Black
11,7,56,Black
11,7,57,Black
11,7,58,Black
11,7,59,Black
11,7,60,Black
11,7,61,Black
11,7,62,Black
11,7,63,Black
11,8,52,Black
11,8,53,Black
11,8,54,Black
11,8,55,Black
11,8,56,Black
11,8,57,Black
11,8,58,Black
11,8,59,Black
11,8,60,Black
11,8,61,Black
11,8,62,Black
11,8,63,Black
11,9,52,Black
11,9,53,Black
11,9,54,Black
11,9,55,Black
11,9,56,Black
11,9,57,Black
11,9,58,Black
11,9,59,Black
11,9,60,Black
11,9,61,Black
11,9,62,Black
11,9,63,Black
12,0,33,Red
12,0,52,Black
12,0,53,Black
12,0,54,Black
12,0,55,Black
12,0,56,Black
12,0,57,Black
12,0,58,Black
12,0,59,Black
12,0,60,Black
12,0,61,Black
12,0,62,Black
12,0,63,Black
12,1,33,Red
12,1,34,Red
12,1,52,Black
12,1,53,Black
12,1,54,Black
12,1,55,Black
12,1,56,Black
12,1,57,Black
12,1,58,Black
12,1,59,Black
12,1,60,Black
12,1,61,Black
12,1,62,Black
12,1,63,Black
12,2,33,Red
12,2,34,Red
12,2,52,Black
12,2,53,Black
12,2,54,Black
12,2,55,Black
12,2,56,Black
12,2,57,Black
12,2,58,Black
12,2,59,Black
12,2,60,Black
12,2,61,Black
12,2,62,Black
12,2,63,Black
12,3,34,Red
12,3,35,Red
12,3,43,Red
12,3,52,Black
12,3,53,Black
12,3,54,Black
12,3,55,Black
12,3,56,Black
12,3,57,Black
12,3,58,Black
12,3,59,Black
12,3,60,Black
12,3,61,Black
12,3,62,Black
12,3,63,Black
12,4,35,Red
12,4,43,Red
12,4,52,Black
12,4,53,Black
12,4,54,Black
12,4,55,Black
12,4,56,Black
12,4,57,Black
12,4,58,Black
12,4,59,Black
12,4,60,Black
12,4,61,Black
12,4,62,Black
12,4,63,Black
12,5,35,Red
12,5,36,Red
12,5,37,Red
12,5,38,Red
12,5,39,Red
12,5,40,Red
12,5,41,Red
12,5,42,Red
12,5,43,Red
12,5,52,Black
12,5,53,Black
12,5,54,Black
12,5,55,Black
12,5,56,Black
12,5,57,Black
12,5,58,Black
12,5,59,Black
12,5,60,Black
12,5,61,Black
12,5,62,Black
12,5,63,Black
12,6,36,Red
12,6,37,Red
12,6,38,Red
12,6,39,Red
12,6,40,Red
12,6,41,Red
12,6,42,Red
12,6,52,Black
12,6,53,Black
12,6,54,Black
12,6,55,Black
12,6,56,Black
12,6,57,Black
12,6,58,Black
12,6,59,Black
12,6,60,Black
12,6,61,Black
12,6,62,Black
12,6,63,Black
12,7,36,Red
12,7,37,Red
12,7,38,Red
12,7,39,Red
12,7,40,Red
12,7,41,Red
12,7,42,Red
12,7,52,Black
12,7,53,Black
12,7,54,Black
12,7,55,Black
12,7,56,Black
12,7,57,Black
12,7,58,Black
12,7,59,Black
12,7,60,Black
12,7,61,Black
12,7,62,Black
12,7,63,Black
12,8,52,Black
12,8,53,Black
12,8,54,Black
12,8,55,Black
12,8,56,Black
12,8,57,Black
12,8,58,Black
12,8,59,Black
12,8,60,Black
12,8,61,Black
12,8,62,Black
12,8,63,Black
12,9,52,Black
12,9,53,Black
12,9,54,Black
12,9,55,Black
12,9,56,Black
12,9,57,Black
12,9,58,Black
12,9,59,Black
12,9,60,Black
12,9,61,Black
12,9,62,Black
12,9,63,Black
13,0,32,Red
13,0,52,Black
13,0,53,Black
13,0,54,Black
13,0,55,Black
13,0,56,Black
13,0,57,Black
13,0,58,Black
13,0,59,Black
13,0,60,Black
13,0,61,Black
13,0,62,Black
13,0,63,Black
13,1,32,Red
13,1,33,Red
13,1,43,Red
13,1,52,Black
13,1,53,Black
13,1,54,Black
13,1,55,Black
13,1,56,Black
13,1,57,Black
13,1,58,Black
13,1,59,Black
13,1,60,Black
13,1,61,Black
13,1,62,Black
13,1,63,Black
13,2,32,Red
13,2,33,Red
13,2,43,Red
13,2,52,Black
13,2,53,Black
13,2,54,Black
13,2,55,Black
13,2,56,Black
13,2,57,Black
13,2,58,Black
13,2,59,Black
13,2,60,Black
13,2,61,Black
13,2,62,Black
13,2,63,Black
13,3,33,Red
13,3,34,Red
13,3,43,Red
13,3,52,Black
13,3,53,Black
13,3,54,Black
13,3,55,Black
13,3,56,Black
13,3,57,Black
13,3,58,Black
13,3,59,Black
13,3,60,Black
13,3,61,Black
13,3,62,Black
13,3,63,Black
13,4,34,Red
13,4,35,Red
13,4,42,Red
13,4,52,Black
13,4,53,Black
13,4,54,Black
13,4,55,Black
13,4,56,Black
13,4,57,Black
13,4,58,Black
13,4,59,Black
13,4,60,Black
13,4,61,Black
13,4,62,Black
13,4,63,Black
13,5,34,Red
13,5,35,Red
13,5,36,Red
13,5,37,Red
13,5,38,Red
13,5,39,Red
13,5,40,Red
13,5,41,Red
13,5,42,Red
13,5,52,Black
13,5,53,Black
13,5,54,Black
13,5,55,Black
13,5,56,Black
13,5,57,Black
13,5,58,Black
13,5,59,Black
13,5,60,Black
13,5,61,Black
13,5,62,Black
13,5,63,Black
13,6,35,Red
13,6,36,Red
13,6,37,Red
13,6,38,Red
13,6,39,Red
13,6,40,Red
13,6,41,Red
13,6,42,Red
13,6,52,Black
13,6,53,Black
13,6,54,Black
13,6,55,Black
13,6,56,Black
13,6,57,Black
13,6,58,Black
13,6,59,Black
13,6,60,Black
13,6,61,Black
13,6,62,Black
13,6,63,Black
13,7,36,Red
13,7,37,Red
13,7,38,Red
13,7,39,Red
13,7,40,Red
13,7,41,Red
13,7,52,Black
13,7,53,Black
13,7,54,Black
13,7,55,Black
13,7,56,Black
13,7,57,Black
13,7,58,Black
13,7,59,Black
13,7,60,Black
13,7,61,Black
13,7,62,Black
13,7,63,Black
13,8,52,Black
13,8,53,Black
13,8,54,Black
13,8,55,Black
13,8,56,Black
13,8,57,Black
13,8,58,Black
13,8,59,Black
13,8,60,Black
13,8,61,Black
13,8,62,Black
13,8,63,Black
13,9,52,Black
13,9,53,Black
13,9,54,Black
13,9,55,Black
13,9,56,Black
13,9,57,Black
13,9,58,Black
13,9,59,Black
13,9,60,Black
13,9,61,Black
13,9,62,Black
13,9,63,Black
14,0,31,Red
14,0,52,Black
14,0,53,Black
14,0,54,Black
14,0,55,Black
14,0,56,Black
14,0,57,Black
14,0,58,Black
14,0,59,Black
14,0,60,Black
14,0,61,Black
14,0,62,Black
14,0,63,Black
14,1,31,Red
14,1,32,Red
14,1,52,Black
14,1,53,Black
14,1,54,Black
14,1,55,Black
14,1,56,Black
14,1,57,Black
14,1,58,Black
14,1,59,Black
14,1,60,Black
14,1,61,Black
14,1,62,Black
14,1,63,Black
14,2,31,Red
14,2,32,Red
14,2,52,Black
14,2,53,Black
14,2,54,Black
14,2,55,Black
14,2,56,Black
14,2,57,Black
14,2,58,Black
14,2,59,Black
14,2,60,Black
14,2,61,Black
14,2,62,Black
14,2,63,Black
14,3,32,Red
14,3,33,Red
14,3,42,Red
14,3,52,Black
14,3,53,Black
14,3,54,Black
14,3,55,Black
14,3,56,Black
14,3,57,Black
14,3,58,Black
14,3,59,Black
14,3,60,Black
14,3,61,Black
14,3,62,Black
14,3,63,Black
14,4,33,Red
14,4,34,Red
14,4,42,Red
14,4,52,Black
14,4,53,Black
14,4,54,Black
14,4,55,Black
14,4,56,Black
14,4,57,Black
14,4,58,Black
14,4,59,Black
14,4,60,Black
14,4,61,Black
14,4,62,Black
14,4,63,Black
14,5,33,Red
14,5,34,Red
14,5,35,Red
14,5,36,Red
14,5,37,Red
14,5,38,Red
14,5,39,Red
14,5,40,Red
14,5,41,Red
14,5,42,Red
14,5,52,Black
14,5,53,Black
14,5,54,Black
14,5,55,Black
14,5,56,Black
14,5,57,Black
14,5,58,Black
14,5,59,Black
14,5,60,Black
14,5,61,Black
14,5,62,Black
14,5,63,Black
14,6,34,Red
14,6,35,Red
14,6,36,Red
14,6,37,Red
14,6,38,Red
14,6,39,Red
14,6,40,Red
14,6,41,Red
14,6,52,Black
14,6,53,Black
14,6,54,Black
14,6,55,Black
14,6,56,Black
14,6,57,Black
14,6,58,Black
14,6,59,Black
14,6,60,Black
14,6,61,Black
14,6,62,Black
14,6,63,Black
14,7,35,Red
14,7,36,Red
14,7,37,Red
14,7,38,Red
14,7,39,Red
14,7,40,Red
14,7,41,Red
14,7,52,Black
14,7,53,Black
14,7,54,Black
14,7,55,Black
14,7,56,Black
14,7,57,Black
14,7,58,Black
14,7,59,Black
14,7,60,Black
14,7,61,Black
14,7,62,Black
14,7,63,Black
14,8,52,Black
14,8,53,Black
14,8,54,Black
14,8,55,Black
14,8,56,Black
14,8,57,Black
14,8,58,Black
14,8,59,Black
14,8,60,Black
14,8,61,Black
14,8,62,Black
14,8,63,Black
14,9,52,Black
14,9,53,Black
14,9,54,Black
14,9,55,Black
14,9,56,Black
14,9,57,Black
14,9,58,Black
14,9,59,Black
14,9,60,Black
14,9,61,Black
14,9,62,Black
14,9,63,Black
15,0,30,Red
15,0,52,Black
15,0,53,Black
15,0,54,Black
15,0,55,Black
15,0,56,Black
15,0,57,Black
15,0,58,Black
15,0,59,Black
15,0,60,Black
15,0,61,Black
15,0,62,Black
15,0,63,Black
15,1,30,Red
15,1,31,Red
15,1,52,Black
15,1,53,Black
15,1,54,Black
15,1,55,Black
15,1,56,Black
15,1,57,Black
15,1,58,Black
15,1,59,Black
15,1,60,Black
15,1,61,Black
15,1,62,Black
15,1,63,Black
15,2,30,Red
15,2,31,Red
15,2,42,Red
15,2,52,Black
15,2,53,Black
15,2,54,Black
15,2,55,Black
15,2,56,Black
15,2,57,Black
15,2,58,Black
15,2,59,Black
15,2,60,Black
15,2,61,Black
15,2,62,Black
15,2,63,Black
15,3,31,Red
15,3,32,Red
15,3,42,Red
15,3,52,Black
15,3,53,Black
15,3,54,Black
15,3,55,Black
15,3,56,Black
15,3,57,Black
15,3,58,Black
15,3,59,Black
15,3,60,Black
15,3,61,Black
15,3,62,Black
15,3,63,Black
15,4,32,Red
15,4,33,Red
15,4,41,Red
15,4,42,Red
15,4,52,Black
15,4,53,Black
15,4,54,Black
15,4,55,Black
15,4,56,Black
15,4,57,Black
15,4,58,Black
15,4,59,Black
15,4,60,Black
15,4,61,Black
15,4,62,Black
15,4,63,Black
15,5,32,Red
15,5,33,Red
15,5,34,Red
15,5,35,Red
15,5,36,Red
15,5,37,Red
15,5,38,Red
15,5,39,Red
15,5,40,Red
15,5,41,Red
15,5,52,Black
15,5,53,Black
15,5,54,Black
15,5,55,Black
15,5,56,Black
15,5,57,Black
15,5,58,Black
15,5,59,Black
15,5,60,Black
15,5,61,Black
15,5,62,Black
15,5,63,Black
15,6,33,Red
15,6,34,Red
15,6,35,Red
15,6,36,Red
15,6,37,Red
15,6,38,Red
15,6,39,Red
15,6,40,Red
15,6,41,Red
15,6,52,Black
15,6,53,Black
15,6,54,Black
15,6,55,Black
15,6,56,Black
15,6,57,Black
15,6,58,Black
15,6,59,Black
15,6,60,Black
15,6,61,Black
15,6,62,Black
15,6,63,Black
15,7,34,Red
15,7,35,Red
15,7,36,Red
15,7,37,Red
15,7,38,Red
15,7,39,Red
15,7,40,Red
15,7,52,Black
15,7,53,Black
15,7,54,Black
15,7,55,Black
15,7,56,Black
15,7,57,Black
15,7,58,Black
15,7,59,Black
15,7,60,Black
15,7,61,Black
15,7,62,Black
15,7,63,Black
15,8,52,Black
15,8,53,Black
15,8,54,Black
15,8,55,Black
15,8,56,Black
15,8,57,Black
15,8,58,Black
15,8,59,Black
15,8,60,Black
15,8,61,Black
15,8,62,Black
15,8,63,Black
15,9,52,Black
15,9,53,Black
15,9,54,Black
15,9,55,Black
15,9,56,Black
15,9,57,Black
15,9,58,Black
15,9,59,Black
15,9,60,Black
15,9,61,Black
15,9,62,Black
15,9,63,Black
16,0,29,Red
16,0,52,Black
16,0,53,Black
16,0,54,Black
16,0,55,Black
16,0,56,Black
16,0,57,Black
16,0,58,Black
16,0,59,Black
16,0,60,Black
16,0,61,Black
16,0,62,Black
16,0,63,Black
16,1,29,Red
16,1,30,Red
16,1,42,Red
16,1,52,Black
16,1,53,Black
16,1,54,Black
16,1,55,Black
16,1,56,Black
16,1,57,Black
16,1,58,Black
16,1,59,Black
16,1,60,Black
16,1,61,Black
16,1,62,Black
16,1,63,Black
16,2,29,Red
16,2,30,Red
16,2,31,Red
16,2,42,Red
16,2,52,Black
16,2,53,Black
16,2,54,Black
16,2,55,Black
16,2,56,Black
16,2,57,Black
16,2,58,Black
16,2,59,Black
16,2,60,Black
16,2,61,Black
16,2,62,Black
16,2,63,Black
16,3,30,Red
16,3,31,Red
16,3,42,Red
16,3,52,Black
16,3,53,Black
16,3,54,Black
16,3,55,Black
16,3,56,Black
16,3,57,Black
16,3,58,Black
16,3,59,Black
16,3,60,Black
16,3,61,Black
16,3,62,Black
16,3,63,Black
16,4,31,Red
16,4,32,Red
16,4,41,Red
16,4,52,Black
16,4,53,Black
16,4,54,Black
16,4,55,Black
16,4,56,Black
16,4,57,Black
16,4,58,Black
16,4,59,Black
16,4,60,Black
16,4,61,Black
16,4,62,Black
16,4,63,Black
16,5,32,Red
16,5,33,Red
16,5,34,Red
16,5,35,Red
16,5,36,Red
16,5,37,Red
16,5,38,Red
16,5,39,Red
16,5,40,Red
16,5,41,Red
16,5,52,Black
16,5,53,Black
16,5,54,Black
16,5,55,Black
16,5,56,Black
16,5,57,Black
16,5,58,Black
16,5,59,Black
16,5,60,Black
16,5,61,Black
16,5,62,Black
16,5,63,Black
16,6,32,Red
16,6,33,Red
16,6,34,Red
16,6,35,Red
16,6,36,Red
16,6,37,Red
16,6,38,Red
16,6,39,Red
16,6,40,Red
16,6,41,Red
16,6,52,Black
16,6,53,Black
16,6,54,Black
16,6,55,Black
16,6,56,Black
16,6,57,Black
16,6,58,Black
16,6,59,Black
16,6,60,Black
16,6,61,Black
16,6,62,Black
16,6,63,Black
16,7,33,Red
16,7,34,Red
16,7,35,Red
16,7,36,Red
16,7,37,Red
16,7,38,Red
16,7,39,Red
16,7,40,Red
16,7,52,Black
16,7,53,Black
16,7,54,Black
16,7,55,Black
16,7,56,Black
16,7,57,Black
16,7,58,Black
16,7,59,Black
16,7,60,Black
16,7,61,Black
16,7,62,Black
16,7,63,Black
16,8,52,Black
16,8,53,Black
16,8,54,Black
16,8,55,Black
16,8,56,Black
16,8,57,Black
16,8,58,Black
16,8,59,Black
16,8,60,Black
16,8,61,Black
16,8,62,Black
16,8,63,Black
16,9,52,Black
16,9,53,Black
16,9,54,Black
16,9,55,Black
16,9,56,Black
16,9,57,Black
16,9,58,Black
16,9,59,Black
16,9,60,Black
16,9,61,Black
16,9,62,Black
16,9,63,Black
17,0,28,Red
17,0,52,Black
17,0,53,Black
17,0,54,Black
17,0,55,Black
17,0,56,Black
17,0,57,Black
17,0,58,Black
17,0,59,Black
17,0,60,Black
17,0,61,Black
17,0,62,Black
17,0,63,Black
17,1,28,Red
17,1,29,Red
17,1,42,Red
17,1,52,Black
17,1,53,Black
17,1,54,Black
17,1,55,Black
17,1,56,Black
17,1,57,Black
17,1,58,Black
17,1,59,Black
17,1,60,Black
17,1,61,Black
17,1,62,Black
17,1,63,Black
17,2,28,Red
17,2,29,Red
17,2,30,Red
17,2,42,Red
17,2,52,Black
17,2,53,Black
17,2,54,Black
17,2,55,Black
17,2,56,Black
17,2,57,Black
17,2,58,Black
17,2,59,Black
17,2,60,Black
17,2,61,Black
17,2,62,Black
17,2,63,Black
17,3,29,Red
17,3,30,Red
17,3,41,Red
17,3,42,Red
17,3,52,Black
17,3,53,Black
17,3,54,Black
17,3,55,Black
17,3,56,Black
17,3,57,Black
17,3,58,Black
17,3,59,Black
17,3,60,Black
17,3,61,Black
17,3,62,Black
17,3,63,Black
17,4,30,Red
17,4,31,Red
17,4,41,Red
17,4,52,Black
17,4,53,Black
17,4,54,Black
17,4,55,Black
17,4,56,Black
17,4,57,Black
17,4,58,Black
17,4,59,Black
17,4,60,Black
17,4,61,Black
17,4,62,Black
17,4,63,Black
17,5,31,Red
17,5,32,Red
17,5,33,Red
17,5,34,Red
17,5,35,Red
17,5,36,Red
17,5,37,Red
17,5,38,Red
17,5,39,Red
17,5,40,Red
17,5,41,Red
17,5,52,Black
17,5,53,Black
17,5,54,Black
17,5,55,Black
17,5,56,Black
17,5,57,Black
17,5,58,Black
17,5,59,Black
17,5,60,Black
17,5,61,Black
17,5,62,Black
17,5,63,Black
17,6,31,Red
17,6,32,Red
17,6,33,Red
17,6,34,Red
17,6,35,Red
17,6,36,Red
17,6,37,Red
17,6,38,Red
17,6,39,Red
17,6,40,Red
17,6,52,Black
17,6,53,Black
17,6,54,Black
17,6,55,Black
17,6,56,Black
17,6,57,Black
17,6,58,Black
17,6,59,Black
17,6,60,Black
17,6,61,Black
17,6,62,Black
17,6,63,Black
17,7,32,Red
17,7,33,Red
17,7,34,Red
17,7,35,Red
17,7,36,Red
17,7,37,Red
17,7,38,Red
17,7,39,Red
17,7,40,Red
17,7,52,Black
17,7,53,Black
17,7,54,Black
17,7,55,Black
17,7,56,Black
17,7,57,Black
17,7,58,Black
17,7,59,Black
17,7,60,Black
17,7,61,Black
17,7,62,Black
17,7,63,Black
17,8,52,Black
17,8,53,Black
17,8,54,Black
17,8,55,Black
17,8,56,Black
17,8,57,Black
17,8,58,Black
17,8,59,Black
17,8,60,Black
17,8,61,Black
17,8,62,Black
17,8,63,Black
17,9,52,Black
17,9,53,Black
17,9,54,Black
17,9,55,Black
17,9,56,Black
17,9,57,Black
17,9,58,Black
17,9,59,Black
17,9,60,Black
17,9,61,Black
17,9,62,Black
17,9,63,Black
18,0,27,Red
18,0,42,Red
18,0,52,Black
18,0,53,Black
18,0,54,Black
18,0,55,Black
18,0,56,Black
18,0,57,Black
18,0,58,Black
18,0,59,Black
18,0,60,Black
18,0,61,Black
18,0,62,Black
18,0,63,Black
18,1,27,Red
18,1,28,Red
18,1,42,Red
18,1,52,Black
18,1,53,Black
18,1,54,Black
18,1,55,Black
18,1,56,Black
18,1,57,Black
18,1,58,Black
18,1,59,Black
18,1,60,Black
18,1,61,Black
18,1,62,Black
18,1,63,Black
18,2,27,Red
18,2,28,Red
18,2,29,Red
18,2,42,Red
18,2,52,Black
18,2,53,Black
18,2,54,Black
18,2,55,Black
18,2,56,Black
18,2,57,Black
18,2,58,Black
18,2,59,Black
18,2,60,Black
18,2,61,Black
18,2,62,Black
18,2,63,Black
18,3,28,Red
18,3,29,Red
18,3,30,Red
18,3,41,Red
18,3,52,Black
18,3,53,Black
18,3,54,Black
18,3,55,Black
18,3,56,Black
18,3,57,Black
18,3,58,Black
18,3,59,Black
18,3,60,Black
18,3,61,Black
18,3,62,Black
18,3,63,Black
18,4,29,Red
18,4,30,Red
18,4,31,Red
18,4,41,Red
18,4,52,Black
18,4,53,Black
18,4,54,Black
18,4,55,Black
18,4,56,Black
18,4,57,Black
18,4,58,Black
18,4,59,Black
18,4,60,Black
18,4,61,Black
18,4,62,Black
18,4,63,Black
18,5,30,Red
18,5,31,Red
18,5,32,Red
18,5,33,Red
18,5,34,Red
18,5,35,Red
18,5,36,Red
18,5,37,Red
18,5,38,Red
18,5,39,Red
18,5,40,Red
18,5,41,Red
18,5,52,Black
18,5,53,Black
18,5,54,Black
18,5,55,Black
18,5,56,Black
18,5,57,Black
18,5,58,Black
18,5,59,Black
18,5,60,Black
18,5,61,Black
18,5,62,Black
18,5,63,Black
18,6,31,Red
18,6,32,Red
18,6,33,Red
18,6,34,Red
18,6,35,Red
18,6,36,Red
18,6,37,Red
18,6,38,Red
18,6,39,Red
18,6,40,Red
18,6,52,Black
18,6,53,Black
18,6,54,Black
18,6,55,Black
18,6,56,Black
18,6,57,Black
18,6,58,Black
18,6,59,Black
18,6,60,Black
18,6,61,Black
18,6,62,Black
18,6,63,Black
18,7,32,Red
18,7,33,Red
18,7,34,Red
18,7,35,Red
18,7,36,Red
18,7,37,Red
18,7,38,Red
18,7,39,Red
18,7,40,Red
18,7,52,Black
18,7,53,Black
18,7,54,Black
18,7,55,Black
18,7,56,Black
18,7,57,Black
18,7,58,Black
18,7,59,Black
18,7,60,Black
18,7,61,Black
18,7,62,Black
18,7,63,Black
18,8,52,Black
18,8,53,Black
18,8,54,Black
18,8,55,Black
18,8,56,Black
18,8,57,Black
18,8,58,Black
18,8,59,Black
18,8,60,Black
18,8,61,Black
18,8,62,Black
18,8,63,Black
18,9,52,Black
18,9,53,Black
18,9,54,Black
18,9,55,Black
18,9,56,Black
18,9,57,Black
18,9,58,Black
18,9,59,Black
18,9,60,Black
18,9,61,Black
18,9,62,Black
18,9,63,Black
19,0,42,Red
19,0,52,Black
19,0,53,Black
19,0,54,Black
19,0,55,Black
19,0,56,Black
19,0,57,Black
19,0,58,Black
19,0,59,Black
19,0,60,Black
19,0,61,Black
19,0,62,Black
19,0,63,Black
19,1,27,Red
19,1,42,Red
19,1,52,Black
19,1,53,Black
19,1,54,Black
19,1,55,Black
19,1,56,Black
19,1,57,Black
19,1,58,Black
19,1,59,Black
19,1,60,Black
19,1,61,Black
19,1,62,Black
19,1,63,Black
19,2,7,Red
19,2,27,Red
19,2,28,Red
19,2,42,Red
19,2,52,Black
19,2,53,Black
19,2,54,Black
19,2,55,Black
19,2,56,Black
19,2,57,Black
19,2,58,Black
19,2,59,Black
19,2,60,Black
19,2,61,Black
19,2,62,Black
19,2,63,Black
19,3,7,Red
19,3,27,Red
19,3,28,Red
19,3,29,Red
19,3,41,Red
19,3,52,Black
19,3,53,Black
19,3,54,Black
19,3,55,Black
19,3,56,Black
19,3,57,Black
19,3,58,Black
19,3,59,Black
19,3,60,Black
19,3,61,Black
19,3,62,Black
19,3,63,Black
19,4,7,Red
19,4,28,Red
19,4,29,Red
19,4,30,Red
19,4,41,Red
19,4,52,Black
19,4,53,Black
19,4,54,Black
19,4,55,Black
19,4,56,Black
19,4,57,Black
19,4,58,Black
19,4,59,Black
19,4,60,Black
19,4,61,Black
19,4,62,Black
19,4,63,Black
19,5,29,Red
19,5,30,Red
19,5,31,Red
19,5,32,Red
19,5,33,Red
19,5,34,Red
19,5,35,Red
19,5,36,Red
19,5,37,Red
19,5,38,Red
19,5,39,Red
19,5,40,Red
19,5,41,Red
19,5,52,Black
19,5,53,Black
19,5,54,Black
19,5,55,Black
19,5,56,Black
19,5,57,Black
19,5,58,Black
19,5,59,Black
19,5,60,Black
19,5,61,Black
19,5,62,Black
19,5,63,Black
19,6,30,Red
19,6,31,Red
19,6,32,Red
19,6,33,Red
19,6,34,Red
19,6,35,Red
19,6,36,Red
19,6,37,Red
19,6,38,Red
19,6,39,Red
19,6,40,Red
19,6,52,Black
19,6,53,Black
19,6,54,Black
19,6,55,Black
19,6,56,Black
19,6,57,Black
19,6,58,Black
19,6,59,Black
19,6,60,Black
19,6,61,Black
19,6,62,Black
19,6,63,Black
19,7,31,Red
19,7,32,Red
19,7,33,Red
19,7,34,Red
19,7,35,Red
19,7,36,Red
19,7,37,Red
19,7,38,Red
19,7,39,Red
19,7,40,Red
19,7,52,Black
19,7,53,Black
19,7,54,Black
19,7,55,Black
19,7,56,Black
19,7,57,Black
19,7,58,Black
19,7,59,Black
19,7,60,Black
19,7,61,Black
19,7,62,Black
19,7,63,Black
19,8,52,Black
19,8,53,Black
19,8,54,Black
19,8,55,Black
19,8,56,Black
19,8,57,Black
19,8,58,Black
19,8,59,Black
19,8,60,Black
19,8,61,Black
19,8,62,Black
19,8,63,Black
19,9,52,Black
19,9,53,Black
19,9,54,Black
19,9,55,Black
19,9,56,Black
19,9,57,Black
19,9,58,Black
19,9,59,Black
19,9,60,Black
19,9,61,Black
19,9,62,Black
19,9,63,Black
20,0,42,Red
20,1,26,Red
20,1,42,Red
20,2,26,Red
20,2,27,Red
20,2,41,Red
20,2,42,Red
20,3,26,Red
20,3,27,Red
20,3,28,Red
20,3,41,Red
20,4,27,Red
20,4,28,Red
20,4,29,Red
20,4,40,Red
20,4,41,Red
20,5,7,Red
20,5,28,Red
20,5,29,Red
20,5,30,Red
20,5,31,Red
20,5,32,Red
20,5,33,Red
20,5,34,Red
20,5,35,Red
20,5,36,Red
20,5,37,Red
20,5,38,Red
20,5,39,Red
20,5,40,Red
20,6,7,Red
20,6,29,Red
20,6,30,Red
20,6,31,Red
20,6,32,Red
20,6,33,Red
20,6,34,Red
20,6,35,Red
20,6,36,Red
20,6,37,Red
20,6,38,Red
20,6,39,Red
20,6,40,Red
20,7,7,Red
20,7,30,Red
20,7,31,Red
20,7,32,Red
20,7,33,Red
20,7,34,Red
20,7,35,Red
20,7,36,Red
20,7,37,Red
20,7,38,Red
20,7,39,Red
21,0,42,Red
21,1,25,Red
21,1,42,Red
21,2,25,Red
21,2,26,Red
21,2,41,Red
21,2,42,Red
21,3,25,Red
21,3,26,Red
21,3,27,Red
21,3,41,Red
21,4,26,Red
21,4,27,Red
21,4,28,Red
21,4,40,Red
21,4,41,Red
21,5,7,Red
21,5,27,Red
21,5,28,Red
21,5,29,Red
21,5,30,Red
21,5,31,Red
21,5,32,Red
21,5,33,Red
21,5,34,Red
21,5,35,Red
21,5,36,Red
21,5,37,Red
21,5,38,Red
21,5,39,Red
21,5,40,Red
21,6,7,Red
21,6,28,Red
21,6,29,Red
21,6,30,Red
21,6,31,Red
21,6,32,Red
21,6,33,Red
21,6,34,Red
21,6,35,Red
21,6,36,Red
21,6,37,Red
21,6,38,Red
21,6,39,Red
21,6,40,Red
21,7,7,Red
21,7,29,Red
21,7,30,Red
21,7,31,Red
21,7,32,Red
21,7,33,Red
21,7,34,Red
21,7,35,Red
21,7,36,Red
21,7,37,Red
21,7,38,Red
21,7,39,Red
22,0,8,Red
22,0,24,Red
22,0,42,Red
22,1,8,Red
22,1,24,Red
22,1,25,Red
22,1,42,Red
22,2,8,Red
22,2,24,Red
22,2,25,Red
22,2,41,Red
22,2,42,Red
22,3,25,Red
22,3,26,Red
22,3,41,Red
22,4,26,Red
22,4,27,Red
22,4,28,Red
22,4,40,Red
22,4,41,Red
22,5,7,Red
22,5,26,Red
22,5,27,Red
22,5,28,Red
22,5,29,Red
22,5,30,Red
22,5,31,Red
22,5,32,Red
22,5,33,Red
22,5,34,Red
22,5,35,Red
22,5,36,Red
22,5,37,Red
22,5,38,Red
22,5,39,Red
22,5,40,Red
22,6,7,Red
22,6,27,Red
22,6,28,Red
22,6,29,Red
22,6,30,Red
22,6,31,Red
22,6,32,Red
22,6,33,Red
22,6,34,Red
22,6,35,Red
22,6,36,Red
22,6,37,Red
22,6,38,Red
22,6,39,Red
22,6,40,Red
22,7,7,Red
22,7,29,Red
22,7,30,Red
22,7,31,Red
22,7,32,Red
22,7,33,Red
22,7,34,Red
22,7,35,Red
22,7,36,Red
22,7,37,Red
22,7,38,Red
22,7,39,Red
23,0,23,Red
23,0,42,Red
23,1,23,Red
23,1,24,Red
23,1,42,Red
23,2,23,Red
23,2,24,Red
23,2,41,Red
23,2,42,Red
23,3,24,Red
23,3,25,Red
23,3,41,Red
23,4,25,Red
23,4,26,Red
23,4,27,Red
23,4,40,Red
23,4,41,Red
23,5,7,Red
23,5,8,Red
23,5,25,Red
23,5,26,Red
23,5,27,Red
23,5,28,Red
23,5,29,Red
23,5,30,Red
23,5,31,Red
23,5,32,Red
23,5,33,Red
23,5,34,Red
23,5,35,Red
23,5,36,Red
23,5,37,Red
23,5,38,Red
23,5,39,Red
23,5,40,Red
23,6,7,Red
23,6,8,Red
23,6,26,Red
23,6,27,Red
23,6,28,Red
23,6,29,Red
23,6,30,Red
23,6,31,Red
23,6,32,Red
23,6,33,Red
23,6,34,Red
23,6,35,Red
23,6,36,Red
23,6,37,Red
23,6,38,Red
23,6,39,Red
23,6,40,Red
23,7,7,Red
23,7,8,Red
23,7,28,Red
23,7,29,Red
23,7,30,Red
23,7,31,Red
23,7,32,Red
23,7,33,Red
23,7,34,Red
23,7,35,Red
23,7,36,Red
23,7,37,Red
23,7,38,Red
23,7,39,Red
24,0,22,Red
24,0,42,Red
24,1,22,Red
24,1,42,Red
24,2,22,Red
24,2,23,Red
24,2,41,Red
24,2,42,Red
24,3,9,Red
24,3,23,Red
24,3,24,Red
24,3,41,Red
24,4,7,Red
24,4,9,Red
24,4,23,Red
24,4,24,Red
24,4,25,Red
24,4,26,Red
24,4,40,Red
24,4,41,Red
24,5,7,Red
24,5,8,Red
24,5,9,Red
24,5,24,Red
24,5,25,Red
24,5,26,Red
24,5,27,Red
24,5,28,Red
24,5,29,Red
24,5,30,Red
24,5,31,Red
24,5,32,Red
24,5,33,Red
24,5,34,Red
24,5,35,Red
24,5,36,Red
24,5,37,Red
24,5,38,Red
24,5,39,Red
24,5,40,Red
24,6,7,Red
24,6,8,Red
24,6,25,Red
24,6,26,Red
24,6,27,Red
24,6,28,Red
24,6,29,Red
24,6,30,Red
24,6,31,Red
24,6,32,Red
24,6,33,Red
24,6,34,Red
24,6,35,Red
24,6,36,Red
24,6,37,Red
24,6,38,Red
24,6,39,Red
24,6,40,Red
24,7,8,Red
24,7,27,Red
24,7,28,Red
24,7,29,Red
24,7,30,Red
24,7,31,Red
24,7,32,Red
24,7,33,Red
24,7,34,Red
24,7,35,Red
24,7,36,Red
24,7,37,Red
24,7,38,Red
24,7,39,Red
25,0,21,Red
25,0,42,Red
25,1,21,Red
25,1,22,Red
25,1,42,Red
25,2,21,Red
25,2,22,Red
25,2,41,Red
25,2,42,Red
25,3,7,Red
25,3,10,Red
25,3,22,Red
25,3,23,Red
25,3,41,Red
25,4,7,Red
25,4,10,Red
25,4,23,Red
25,4,24,Red
25,4,25,Red
25,4,40,Red
25,4,41,Red
25,5,7,Red
25,5,8,Red
25,5,9,Red
25,5,10,Red
25,5,23,Red
25,5,24,Red
25,5,25,Red
25,5,26,Red
25,5,27,Red
25,5,28,Red
25,5,29,Red
25,5,30,Red
25,5,31,Red
25,5,32,Red
25,5,33,Red
25,5,34,Red
25,5,35,Red
25,5,36,Red
25,5,37,Red
25,5,38,Red
25,5,39,Red
25,5,40,Red
25,6,8,Red
25,6,9,Red
25,6,24,Red
25,6,25,Red
25,6,26,Red
25,6,27,Red
25,6,28,Red
25,6,29,Red
25,6,30,Red
25,6,31,Red
25,6,32,Red
25,6,33,Red
25,6,34,Red
25,6,35,Red
25,6,36,Red
25,6,37,Red
25,6,38,Red
25,6,39,Red
25,6,40,Red
25,7,8,Red
25,7,9,Red
25,7,26,Red
25,7,27,Red
25,7,28,Red
25,7,29,Red
25,7,30,Red
25,7,31,Red
25,7,32,Red
25,7,33,Red
25,7,34,Red
25,7,35,Red
25,7,36,Red
25,7,37,Red
25,7,38,Red
25,7,39,Red
26,0,19,Red
26,0,42,Red
26,1,7,Red
26,1,12,Red
26,1,19,Red
26,1,20,Red
26,1,42,Red
26,2,7,Red
26,2,12,Red
26,2,19,Red
26,2,20,Red
26,2,21,Red
26,2,41,Red
26,2,42,Red
26,3,7,Red
26,3,12,Red
26,3,20,Red
26,3,21,Red
26,3,22,Red
26,3,41,Red
26,4,11,Red
26,4,21,Red
26,4,22,Red
26,4,23,Red
26,4,24,Red
26,4,40,Red
26,4,41,Red
26,5,8,Red
26,5,9,Red
26,5,10,Red
26,5,11,Red
26,5,22,Red
26,5,23,Red
26,5,24,Red
26,5,25,Red
26,5,26,Red
26,5,27,Red
26,5,28,Red
26,5,29,Red
26,5,30,Red
26,5,31,Red
26,5,32,Red
26,5,33,Red
26,5,34,Red
26,5,35,Red
26,5,36,Red
26,5,37,Red
26,5,38,Red
26,5,39,Red
26,5,40,Red
26,6,8,Red
26,6,9,Red
26,6,10,Red
26,6,11,Red
26,6,23,Red
26,6,24,Red
26,6,25,Red
26,6,26,Red
26,6,27,Red
26,6,28,Red
26,6,29,Red
26,6,30,Red
26,6,31,Red
26,6,32,Red
26,6,33,Red
26,6,34,Red
26,6,35,Red
26,6,36,Red
26,6,37,Red
26,6,38,Red
26,6,39,Red
26,6,40,Red
26,7,8,Red
26,7,9,Red
26,7,10,Red
26,7,25,Red
26,7,26,Red
26,7,27,Red
26,7,28,Red
26,7,29,Red
26,7,30,Red
26,7,31,Red
26,7,32,Red
26,7,33,Red
26,7,34,Red
26,7,35,Red
26,7,36,Red
26,7,37,Red
26,7,38,Red
26,7,39,Red
27,0,7,Red
27,0,42,Red
27,1,7,Red
27,1,14,Red
27,1,15,Red
27,1,16,Red
27,1,17,Red
27,1,18,Red
27,1,42,Red
27,2,7,Red
27,2,14,Red
27,2,15,Red
27,2,16,Red
27,2,17,Red
27,2,18,Red
27,2,19,Red
27,2,41,Red
27,2,42,Red
27,3,13,Red
27,3,14,Red
27,3,15,Red
27,3,16,Red
27,3,17,Red
27,3,18,Red
27,3,19,Red
27,3,20,Red
27,3,41,Red
27,4,9,Red
27,4,12,Red
27,4,13,Red
27,4,19,Red
27,4,20,Red
27,4,21,Red
27,4,22,Red
27,4,30,Red
27,4,31,Red
27,4,40,Red
27,4,41,Red
27,5,8,Red
27,5,9,Red
27,5,10,Red
27,5,11,Red
27,5,12,Red
27,5,13,Red
27,5,20,Red
27,5,21,Red
27,5,22,Red
27,5,23,Red
27,5,24,Red
27,5,25,Red
27,5,26,Red
27,5,27,Red
27,5,28,Red
27,5,29,Red
27,5,30,Red
27,5,31,Red
27,5,32,Red
27,5,33,Red
27,5,34,Red
27,5,35,Red
27,5,36,Red
27,5,37,Red
27,5,38,Red
27,5,39,Red
27,5,40,Red
27,6,8,Red
27,6,9,Red
27,6,10,Red
27,6,11,Red
27,6,12,Red
27,6,21,Red
27,6,22,Red
27,6,23,Red
27,6,24,Red
27,6,25,Red
27,6,26,Red
27,6,27,Red
27,6,28,Red
27,6,29,Red
27,6,30,Red
27,6,31,Red
27,6,32,Red
27,6,33,Red
27,6,34,Red
27,6,35,Red
27,6,36,Red
27,6,37,Red
27,6,38,Red
27,6,39,Red
27,6,40,Red
27,7,8,Red
27,7,10,Red
27,7,11,Red
27,7,23,Red
27,7,24,Red
27,7,25,Red
27,7,26,Red
27,7,27,Red
27,7,28,Red
27,7,29,Red
27,7,32,Red
27,7,33,Red
27,7,34,Red
27,7,35,Red
27,7,36,Red
27,7,37,Red
27,7,38,Red
27,7,39,Red
28,0,42,Red
28,1,42,Red
28,2,41,Red
28,2,42,Red
28,3,16,Red
28,3,41,Red
28,4,10,Red
28,4,14,Red
28,4,15,Red
28,4,16,Red
28,4,17,Red
28,4,18,Red
28,4,19,Red
28,4,20,Red
28,4,28,Red
28,4,29,Red
28,4,30,Red
28,4,31,Red
28,4,40,Red
28,4,41,Red
28,5,8,Red
28,5,9,Red
28,5,10,Red
28,5,11,Red
28,5,12,Red
28,5,13,Red
28,5,14,Red
28,5,15,Red
28,5,16,Red
28,5,17,Red
28,5,18,Red
28,5,19,Red
28,5,20,Red
28,5,21,Red
28,5,22,Red
28,5,23,Red
28,5,24,Red
28,5,25,Red
28,5,26,Red
28,5,27,Red
28,5,28,Red
28,5,29,Red
28,5,30,Red
28,5,31,Red
28,5,32,Red
28,5,33,Red
28,5,34,Red
28,5,35,Red
28,5,36,Red
28,5,37,Red
28,5,38,Red
28,5,39,Red
28,5,40,Red
28,6,8,Red
28,6,9,Red
28,6,10,Red
28,6,11,Red
28,6,12,Red
28,6,13,Red
28,6,14,Red
28,6,15,Red
28,6,17,Red
28,6,18,Red
28,6,19,Red
28,6,20,Red
28,6,21,Red
28,6,22,Red
28,6,23,Red
28,6,24,Red
28,6,25,Red
28,6,26,Red
28,6,27,Red
28,6,28,Red
28,6,29,Red
28,6,30,Red
28,6,31,Red
28,6,32,Red
28,6,33,Red
28,6,34,Red
28,6,35,Red
28,6,36,Red
28,6,37,Red
28,6,38,Red
28,6,39,Red
28,6,40,Red
28,7,8,Red
28,7,9,Red
28,7,11,Red
28,7,12,Red
28,7,13,Red
28,7,21,Red
28,7,22,Red
28,7,23,Red
28,7,24,Red
28,7,25,Red
28,7,26,Red
28,7,27,Red
28,7,32,Red
28,7,33,Red
28,7,34,Red
28,7,35,Red
28,7,36,Red
28,7,37,Red
28,7,38,Red
28,7,39,Red
29,1,41,Red
29,2,41,Red
29,3,8,Red
29,3,11,Red
29,3,28,Red
29,3,29,Red
29,3,30,Red
29,3,40,Red
29,3,41,Red
29,4,8,Red
29,4,10,Red
29,4,11,Red
29,4,12,Red
29,4,26,Red
29,4,27,Red
29,4,28,Red
29,4,29,Red
29,4,30,Red
29,4,31,Red
29,4,40,Red
29,5,8,Red
29,5,9,Red
29,5,10,Red
29,5,11,Red
29,5,12,Red
29,5,13,Red
29,5,14,Red
29,5,15,Red
29,5,16,Red
29,5,17,Red
29,5,18,Red
29,5,19,Red
29,5,20,Red
29,5,21,Red
29,5,22,Red
29,5,23,Red
29,5,24,Red
29,5,25,Red
29,5,26,Red
29,5,27,Red
29,5,28,Red
29,5,29,Red
29,5,30,Red
29,5,31,Red
29,5,32,Red
29,5,33,Red
29,5,34,Red
29,5,35,Red
29,5,36,Red
29,5,37,Red
29,5,38,Red
29,5,39,Red
29,5,40,Red
29,6,9,Red
29,6,10,Red
29,6,12,Red
29,6,13,Red
29,6,14,Red
29,6,15,Red
29,6,16,Red
29,6,17,Red
29,6,18,Red
29,6,19,Red
29,6,20,Red
29,6,21,Red
29,6,22,Red
29,6,23,Red
29,6,24,Red
29,6,25,Red
29,6,26,Red
29,6,27,Red
29,6,31,Red
29,6,32,Red
29,6,33,Red
29,6,34,Red
29,6,35,Red
29,6,36,Red
29,6,37,Red
29,6,38,Red
29,6,39,Red
29,7,9,Red
29,7,13,Red
29,7,14,Red
29,7,15,Red
29,7,16,Red
29,7,17,Red
29,7,18,Red
29,7,19,Red
29,7,20,Red
29,7,21,Red
29,7,22,Red
29,7,23,Red
29,7,24,Red
29,7,25,Red
29,7,32,Red
29,7,33,Red
29,7,34,Red
29,7,35,Red
29,7,36,Red
29,7,37,Red
29,7,38,Red
29,7,39,Red
30,1,41,Red
30,2,8,Red
30,2,11,Red
30,2,12,Red
30,2,41,Red
30,3,8,Red
30,3,11,Red
30,3,12,Red
30,3,26,Red
30,3,27,Red
30,3,28,Red
30,3,29,Red
30,3,30,Red
30,3,40,Red
30,3,41,Red
30,4,8,Red
30,4,11,Red
30,4,12,Red
30,4,13,Red
30,4,25,Red
30,4,26,Red
30,4,27,Red
30,4,28,Red
30,4,29,Red
30,4,30,Red
30,4,31,Red
30,4,40,Red
30,5,9,Red
30,5,10,Red
30,5,13,Red
30,5,14,Red
30,5,15,Red
30,5,16,Red
30,5,17,Red
30,5,18,Red
30,5,19,Red
30,5,20,Red
30,5,21,Red
30,5,22,Red
30,5,23,Red
30,5,24,Red
30,5,25,Red
30,5,26,Red
30,5,27,Red
30,5,28,Red
30,5,29,Red
30,5,30,Red
30,5,31,Red
30,5,32,Red
30,5,33,Red
30,5,34,Red
30,5,35,Red
30,5,36,Red
30,5,37,Red
30,5,38,Red
30,5,39,Red
30,5,40,Red
30,6,9,Red
30,6,10,Red
30,6,13,Red
30,6,14,Red
30,6,15,Red
30,6,16,Red
30,6,17,Red
30,6,18,Red
30,6,19,Red
30,6,20,Red
30,6,21,Red
30,6,22,Red
30,6,23,Red
30,6,24,Red
30,6,25,Red
30,6,31,Red
30,6,32,Red
30,6,33,Red
30,6,34,Red
30,6,35,Red
30,6,36,Red
30,6,37,Red
30,6,38,Red
30,6,39,Red
30,7,9,Red
30,7,10,Red
30,7,14,Red
30,7,15,Red
30,7,16,Red
30,7,17,Red
30,7,18,Red
30,7,19,Red
30,7,20,Red
30,7,21,Red
30,7,22,Red
30,7,23,Red
30,7,24,Red
30,7,32,Red
30,7,33,Red
30,7,34,Red
30,7,35,Red
30,7,36,Red
30,7,37,Red
30,7,38,Red
30,7,39,Red
31,0,8,Red
31,1,8,Red
31,1,12,Red
31,1,13,Red
31,1,27,Red
31,1,41,Red
31,2,8,Red
31,2,12,Red
31,2,13,Red
31,2,14,Red
31,2,26,Red
31,2,27,Red
31,2,28,Red
31,2,29,Red
31,2,41,Red
31,3,11,Red
31,3,12,Red
31,3,13,Red
31,3,14,Red
31,3,24,Red
31,3,25,Red
31,3,26,Red
31,3,27,Red
31,3,28,Red
31,3,29,Red
31,3,30,Red
31,3,40,Red
31,3,41,Red
31,4,11,Red
31,4,14,Red
31,4,15,Red
31,4,16,Red
31,4,21,Red
31,4,22,Red
31,4,23,Red
31,4,24,Red
31,4,25,Red
31,4,26,Red
31,4,28,Red
31,4,29,Red
31,4,30,Red
31,4,31,Red
31,4,39,Red
31,4,40,Red
31,5,9,Red
31,5,10,Red
31,5,11,Red
31,5,15,Red
31,5,16,Red
31,5,17,Red
31,5,18,Red
31,5,19,Red
31,5,20,Red
31,5,21,Red
31,5,22,Red
31,5,23,Red
31,5,24,Red
31,5,25,Red
31,5,30,Red
31,5,31,Red
31,5,32,Red
31,5,33,Red
31,5,34,Red
31,5,35,Red
31,5,36,Red
31,5,37,Red
31,5,38,Red
31,5,39,Red
31,5,40,Red
31,6,9,Red
31,6,10,Red
31,6,15,Red
31,6,16,Red
31,6,17,Red
31,6,18,Red
31,6,19,Red
31,6,20,Red
31,6,21,Red
31,6,22,Red
31,6,23,Red
31,6,31,Red
31,6,32,Red
31,6,33,Red
31,6,34,Red
31,6,35,Red
31,6,36,Red
31,6,37,Red
31,6,38,Red
31,6,39,Red
31,7,9,Red
31,7,10,Red
31,7,17,Red
31,7,18,Red
31,7,19,Red
31,7,20,Red
31,7,32,Red
31,7,33,Red
31,7,34,Red
31,7,35,Red
31,7,36,Red
31,7,37,Red
31,7,38,Red
32,0,13,Red
32,0,14,Red
32,0,26,Red
32,1,13,Red
32,1,14,Red
32,1,15,Red
32,1,16,Red
32,1,24,Red
32,1,25,Red
32,1,26,Red
32,1,27,Red
32,1,28,Red
32,1,41,Red
32,2,13,Red
32,2,14,Red
32,2,15,Red
32,2,16,Red
32,2,22,Red
32,2,23,Red
32,2,24,Red
32,2,25,Red
32,2,26,Red
32,2,27,Red
32,2,28,Red
32,2,29,Red
32,2,41,Red
32,3,9,Red
32,3,12,Red
32,3,15,Red
32,3,16,Red
32,3,17,Red
32,3,18,Red
32,3,19,Red
32,3,20,Red
32,3,21,Red
32,3,22,Red
32,3,23,Red
32,3,24,Red
32,3,25,Red
32,3,27,Red
32,3,28,Red
32,3,29,Red
32,3,40,Red
32,3,41,Red
32,4,9,Red
32,4,11,Red
32,4,12,Red
32,4,17,Red
32,4,18,Red
32,4,19,Red
32,4,20,Red
32,4,21,Red
32,4,22,Red
32,4,23,Red
32,4,29,Red
32,4,30,Red
32,4,39,Red
32,4,40,Red
32,5,9,Red
32,5,10,Red
32,5,11,Red
32,5,12,Red
32,5,17,Red
32,5,18,Red
32,5,19,Red
32,5,20,Red
32,5,21,Red
32,5,30,Red
32,5,31,Red
32,5,32,Red
32,5,33,Red
32,5,34,Red
32,5,35,Red
32,5,36,Red
32,5,37,Red
32,5,38,Red
32,5,39,Red
32,5,40,Red
32,6,10,Red
32,6,11,Red
32,6,30,Red
32,6,31,Red
32,6,32,Red
32,6,33,Red
32,6,34,Red
32,6,35,Red
32,6,36,Red
32,6,37,Red
32,6,38,Red
32,6,39,Red
32,7,10,Red
32,7,31,Red
32,7,32,Red
32,7,33,Red
32,7,34,Red
32,7,35,Red
32,7,36,Red
32,7,37,Red
32,7,38,Red
33,0,18,Red
33,0,19,Red
33,0,20,Red
33,0,21,Red
33,0,22,Red
33,0,27,Red
33,0,41,Red
33,1,13,Red
33,1,18,Red
33,1,19,Red
33,1,20,Red
33,1,21,Red
33,1,22,Red
33,1,27,Red
33,1,28,Red
33,1,41,Red
33,2,9,Red
33,2,13,Red
33,2,18,Red
33,2,19,Red
33,2,20,Red
33,2,21,Red
33,2,22,Red
33,2,27,Red
33,2,28,Red
33,2,40,Red
33,2,41,Red
33,3,9,Red
33,3,13,Red
33,3,28,Red
33,3,29,Red
33,3,40,Red
33,4,9,Red
33,4,12,Red
33,4,29,Red
33,4,30,Red
33,4,39,Red
33,4,40,Red
33,5,10,Red
33,5,11,Red
33,5,12,Red
33,5,29,Red
33,5,30,Red
33,5,31,Red
33,5,32,Red
33,5,33,Red
33,5,34,Red
33,5,35,Red
33,5,36,Red
33,5,37,Red
33,5,38,Red
33,5,39,Red
33,6,10,Red
33,6,11,Red
33,6,12,Red
33,6,30,Red
33,6,31,Red
33,6,32,Red
33,6,33,Red
33,6,34,Red
33,6,35,Red
33,6,36,Red
33,6,37,Red
33,6,38,Red
33,6,39,Red
33,7,10,Red
33,7,11,Red
33,7,31,Red
33,7,32,Red
33,7,33,Red
33,7,34,Red
33,7,35,Red
33,7,36,Red
33,7,37,Red
33,7,38,Red
34,0,27,Red
34,0,41,Red
34,1,9,Red
34,1,14,Red
34,1,27,Red
34,1,41,Red
34,2,9,Red
34,2,14,Red
34,2,27,Red
34,2,28,Red
34,2,40,Red
34,2,41,Red
34,3,9,Red
34,3,10,Red
34,3,14,Red
34,3,28,Red
34,3,29,Red
34,3,39,Red
34,3,40,Red
34,4,10,Red
34,4,13,Red
34,4,28,Red
34,4,29,Red
34,4,30,Red
34,4,38,Red
34,4,39,Red
34,4,40,Red
34,5,10,Red
34,5,11,Red
34,5,12,Red
34,5,13,Red
34,5,29,Red
34,5,30,Red
34,5,31,Red
34,5,32,Red
34,5,33,Red
34,5,34,Red
34,5,35,Red
34,5,36,Red
34,5,37,Red
34,5,38,Red
34,5,39,Red
34,6,11,Red
34,6,12,Red
34,6,13,Red
34,6,30,Red
34,6,31,Red
34,6,32,Red
34,6,33,Red
34,6,34,Red
34,6,35,Red
34,6,36,Red
34,6,37,Red
34,6,38,Red
34,7,11,Red
34,7,12,Red
34,7,31,Red
34,7,32,Red
34,7,33,Red
34,7,34,Red
34,7,35,Red
34,7,36,Red
34,7,37,Red
35,0,16,Red
35,1,15,Red
35,1,16,Red
35,1,27,Red
35,1,40,Red
35,2,10,Red
35,2,15,Red
35,2,16,Red
35,2,27,Red
35,2,40,Red
35,3,10,Red
35,3,15,Red
35,3,27,Red
35,3,28,Red
35,3,39,Red
35,3,40,Red
35,4,10,Red
35,4,11,Red
35,4,14,Red
35,4,28,Red
35,4,29,Red
35,4,38,Red
35,4,39,Red
35,5,11,Red
35,5,12,Red
35,5,13,Red
35,5,14,Red
35,5,28,Red
35,5,29,Red
35,5,30,Red
35,5,31,Red
35,5,32,Red
35,5,33,Red
35,5,34,Red
35,5,35,Red
35,5,36,Red
35,5,37,Red
35,5,38,Red
35,5,39,Red
35,6,11,Red
35,6,12,Red
35,6,13,Red
35,6,14,Red
35,6,29,Red
35,6,30,Red
35,6,31,Red
35,6,32,Red
35,6,33,Red
35,6,34,Red
35,6,35,Red
35,6,36,Red
35,6,37,Red
35,6,38,Red
35,7,12,Red
35,7,13,Red
35,7,30,Red
35,7,31,Red
35,7,32,Red
35,7,33,Red
35,7,34,Red
35,7,35,Red
35,7,36,Red
35,7,37,Red
36,0,10,Red
36,0,18,Red
36,0,40,Red
36,1,10,Red
36,1,17,Red
36,1,18,Red
36,1,26,Red
36,1,40,Red
36,2,10,Red
36,2,16,Red
36,2,17,Red
36,2,18,Red
36,2,26,Red
36,2,27,Red
36,2,39,Red
36,2,40,Red
36,3,11,Red
36,3,16,Red
36,3,17,Red
36,3,26,Red
36,3,27,Red
36,3,28,Red
36,3,38,Red
36,3,39,Red
36,4,11,Red
36,4,15,Red
36,4,16,Red
36,4,27,Red
36,4,28,Red
36,4,38,Red
36,4,39,Red
36,5,11,Red
36,5,12,Red
36,5,13,Red
36,5,14,Red
36,5,15,Red
36,5,28,Red
36,5,29,Red
36,5,30,Red
36,5,31,Red
36,5,32,Red
36,5,33,Red
36,5,34,Red
36,5,35,Red
36,5,36,Red
36,5,37,Red
36,5,38,Red
36,6,12,Red
36,6,13,Red
36,6,14,Red
36,6,15,Red
36,6,29,Red
36,6,30,Red
36,6,31,Red
36,6,32,Red
36,6,33,Red
36,6,34,Red
36,6,35,Red
36,6,36,Red
36,6,37,Red
36,7,12,Red
36,7,13,Red
36,7,14,Red
36,7,29,Red
36,7,30,Red
36,7,31,Red
36,7,32,Red
36,7,33,Red
36,7,34,Red
36,7,35,Red
36,7,36,Red
36,7,37,Red
37,0,20,Red
37,0,21,Red
37,0,22,Red
37,0,23,Red
37,1,11,Red
37,1,19,Red
37,1,20,Red
37,1,21,Red
37,1,22,Red
37,1,23,Red
37,1,24,Red
37,1,25,Red
37,1,39,Red
37,2,11,Red
37,2,18,Red
37,2,19,Red
37,2,20,Red
37,2,21,Red
37,2,22,Red
37,2,23,Red
37,2,24,Red
37,2,25,Red
37,2,26,Red
37,2,39,Red
37,3,11,Red
37,3,17,Red
37,3,18,Red
37,3,19,Red
37,3,24,Red
37,3,25,Red
37,3,26,Red
37,3,27,Red
37,3,38,Red
37,3,39,Red
37,4,12,Red
37,4,16,Red
37,4,17,Red
37,4,18,Red
37,4,26,Red
37,4,27,Red
37,4,28,Red
37,4,37,Red
37,4,38,Red
37,5,12,Red
37,5,13,Red
37,5,14,Red
37,5,15,Red
37,5,16,Red
37,5,17,Red
37,5,27,Red
37,5,28,Red
37,5,29,Red
37,5,30,Red
37,5,31,Red
37,5,32,Red
37,5,33,Red
37,5,34,Red
37,5,35,Red
37,5,36,Red
37,5,37,Red
37,5,38,Red
37,6,12,Red
37,6,13,Red
37,6,14,Red
37,6,15,Red
37,6,16,Red
37,6,28,Red
37,6,29,Red
37,6,30,Red
37,6,31,Red
37,6,32,Red
37,6,33,Red
37,6,34,Red
37,6,35,Red
37,6,36,Red
37,6,37,Red
37,7,13,Red
37,7,14,Red
37,7,15,Red
37,7,29,Red
37,7,30,Red
37,7,31,Red
37,7,32,Red
37,7,33,Red
37,7,34,Red
37,7,35,Red
37,7,36,Red
38,0,0,Black
38,0,1,Black
38,0,2,Black
38,0,3,Black
38,0,4,Black
38,0,5,Black
38,0,6,Black
38,0,7,Black
38,0,8,Black
38,0,9,Black
38,0,10,Black
38,0,11,Black
38,0,39,Red
38,1,0,Black
38,1,1,Black
38,1,2,Black
38,1,3,Black
38,1,4,Black
38,1,5,Black
38,1,6,Black
38,1,7,Black
38,1,8,Black
38,1,9,Black
38,1,10,Black
38,1,11,Black
38,1,12,Red
38,1,39,Red
38,2,0,Black
38,2,1,Black
38,2,2,Black
38,2,3,Black
38,2,4,Black
38,2,5,Black
38,2,6,Black
38,2,7,Black
38,2,8,Black
38,2,9,Black
38,2,10,Black
38,2,11,Black
38,2,12,Red
38,2,22,Red
38,2,23,Red
38,2,38,Red
38,2,39,Red
38,3,0,Black
38,3,1,Black
38,3,2,Black
38,3,3,Black
38,3,4,Black
38,3,5,Black
38,3,6,Black
38,3,7,Black
38,3,8,Black
38,3,9,Black
38,3,10,Black
38,3,11,Black
38,3,12,Red
38,3,20,Red
38,3,21,Red
38,3,22,Red
38,3,23,Red
38,3,24,Red
38,3,25,Red
38,3,37,Red
38,3,38,Red
38,4,0,Black
38,4,1,Black
38,4,2,Black
38,4,3,Black
38,4,4,Black
38,4,5,Black
38,4,6,Black
38,4,7,Black
38,4,8,Black
38,4,9,Black
38,4,10,Black
38,4,11,Black
38,4,13,Red
38,4,18,Red
38,4,19,Red
38,4,20,Red
38,4,21,Red
38,4,22,Red
38,4,23,Red
38,4,24,Red
38,4,25,Red
38,4,26,Red
38,4,27,Red
38,4,36,Red
38,4,37,Red
38,4,38,Red
38,5,0,Black
38,5,1,Black
38,5,2,Black
38,5,3,Black
38,5,4,Black
38,5,5,Black
38,5,6,Black
38,5,7,Black
38,5,8,Black
38,5,9,Black
38,5,10,Black
38,5,11,Black
38,5,13,Red
38,5,14,Red
38,5,15,Red
38,5,16,Red
38,5,17,Red
38,5,18,Red
38,5,19,Red
38,5,20,Red
38,5,21,Red
38,5,24,Red
38,5,25,Red
38,5,26,Red
38,5,27,Red
38,5,28,Red
38,5,29,Red
38,5,30,Red
38,5,31,Red
38,5,32,Red
38,5,33,Red
38,5,34,Red
38,5,35,Red
38,5,36,Red
38,5,37,Red
38,6,0,Black
38,6,1,Black
38,6,2,Black
38,6,3,Black
38,6,4,Black
38,6,5,Black
38,6,6,Black
38,6,7,Black
38,6,8,Black
38,6,9,Black
38,6,10,Black
38,6,11,Black
38,6,13,Red
38,6,14,Red
38,6,15,Red
38,6,16,Red
38,6,17,Red
38,6,18,Red
38,6,19,Red
38,6,26,Red
38,6,27,Red
38,6,28,Red
38,6,29,Red
38,6,30,Red
38,6,31,Red
38,6,32,Red
38,6,33,Red
38,6,34,Red
38,6,35,Red
38,6,36,Red
38,7,0,Black
38,7,1,Black
38,7,2,Black
38,7,3,Black
38,7,4,Black
38,7,5,Black
38,7,6,Black
38,7,7,Black
38,7,8,Black
38,7,9,Black
38,7,10,Black
38,7,11,Black
38,7,14,Red
38,7,15,Red
38,7,16,Red
38,7,17,Red
38,7,28,Red
38,7,29,Red
38,7,30,Red
38,7,31,Red
38,7,32,Red
38,7,33,Red
38,7,34,Red
38,7,35,Red
38,8,0,Black
38,8,1,Black
38,8,2,Black
38,8,3,Black
38,8,4,Black
38,8,5,Black
38,8,6,Black
38,8,7,Black
38,8,8,Black
38,8,9,Black
38,8,10,Black
38,8,11,Black
38,9,0,Black
38,9,1,Black
38,9,2,Black
38,9,3,Black
38,9,4,Black
38,9,5,Black
38,9,6,Black
38,9,7,Black
38,9,8,Black
38,9,9,Black
38,9,10,Black
38,9,11,Black
39,0,0,Black
39,0,1,Black
39,0,2,Black
39,0,3,Black
39,0,4,Black
39,0,5,Black
39,0,6,Black
39,0,7,Black
39,0,8,Black
39,0,9,Black
39,0,10,Black
39,0,11,Black
39,1,0,Black
39,1,1,Black
39,1,2,Black
39,1,3,Black
39,1,4,Black
39,1,5,Black
39,1,6,Black
39,1,7,Black
39,1,8,Black
39,1,9,Black
39,1,10,Black
39,1,11,Black
39,1,38,Red
39,2,0,Black
39,2,1,Black
39,2,2,Black
39,2,3,Black
39,2,4,Black
39,2,5,Black
39,2,6,Black
39,2,7,Black
39,2,8,Black
39,2,9,Black
39,2,10,Black
39,2,11,Black
39,2,13,Red
39,2,37,Red
39,2,38,Red
39,3,0,Black
39,3,1,Black
39,3,2,Black
39,3,3,Black
39,3,4,Black
39,3,5,Black
39,3,6,Black
39,3,7,Black
39,3,8,Black
39,3,9,Black
39,3,10,Black
39,3,11,Black
39,3,13,Red
39,3,36,Red
39,3,37,Red
39,3,38,Red
39,4,0,Black
39,4,1,Black
39,4,2,Black
39,4,3,Black
39,4,4,Black
39,4,5,Black
39,4,6,Black
39,4,7,Black
39,4,8,Black
39,4,9,Black
39,4,10,Black
39,4,11,Black
39,4,13,Red
39,4,14,Red
39,4,21,Red
39,4,22,Red
39,4,23,Red
39,4,24,Red
39,4,25,Red
39,4,35,Red
39,4,36,Red
39,4,37,Red
39,5,0,Black
39,5,1,Black
39,5,2,Black
39,5,3,Black
39,5,4,Black
39,5,5,Black
39,5,6,Black
39,5,7,Black
39,5,8,Black
39,5,9,Black
39,5,10,Black
39,5,11,Black
39,5,14,Red
39,5,15,Red
39,5,16,Red
39,5,17,Red
39,5,18,Red
39,5,19,Red
39,5,20,Red
39,5,21,Red
39,5,22,Red
39,5,23,Red
39,5,24,Red
39,5,25,Red
39,5,26,Red
39,5,27,Red
39,5,28,Red
39,5,29,Red
39,5,30,Red
39,5,31,Red
39,5,32,Red
39,5,33,Red
39,5,34,Red
39,5,35,Red
39,5,36,Red
39,6,0,Black
39,6,1,Black
39,6,2,Black
39,6,3,Black
39,6,4,Black
39,6,5,Black
39,6,6,Black
39,6,7,Black
39,6,8,Black
39,6,9,Black
39,6,10,Black
39,6,11,Black
39,6,14,Red
39,6,15,Red
39,6,16,Red
39,6,17,Red
39,6,18,Red
39,6,19,Red
39,6,20,Red
39,6,21,Red
39,6,22,Red
39,6,23,Red
39,6,24,Red
39,6,25,Red
39,6,26,Red
39,6,27,Red
39,6,28,Red
39,6,29,Red
39,6,30,Red
39,6,31,Red
39,6,32,Red
39,6,33,Red
39,6,34,Red
39,6,35,Red
39,7,0,Black
39,7,1,Black
39,7,2,Black
39,7,3,Black
39,7,4,Black
39,7,5,Black
39,7,6,Black
39,7,7,Black
39,7,8,Black
39,7,9,Black
39,7,10,Black
39,7,11,Black
39,7,15,Red
39,7,16,Red
39,7,17,Red
39,7,18,Red
39,7,19,Red
39,7,20,Red
39,7,26,Red
39,7,27,Red
39,7,28,Red
39,7,29,Red
39,7,30,Red
39,7,31,Red
39,7,32,Red
39,7,33,Red
39,7,34,Red
39,8,0,Black
39,8,1,Black
39,8,2,Black
39,8,3,Black
39,8,4,Black
39,8,5,Black
39,8,6,Black
39,8,7,Black
39,8,8,Black
39,8,9,Black
39,8,10,Black
39,8,11,Black
39,9,0,Black
39,9,1,Black
39,9,2,Black
39,9,3,Black
39,9,4,Black
39,9,5,Black
39,9,6,Black
39,9,7,Black
39,9,8,Black
39,9,9,Black
39,9,10,Black
39,9,11,Black
40,0,0,Black
40,0,1,Black
40,0,2,Black
40,0,3,Black
40,0,4,Black
40,0,5,Black
40,0,6,Black
40,0,7,Black
40,0,8,Black
40,0,9,Black
40,0,10,Black
40,0,11,Black
40,1,0,Black
40,1,1,Black
40,1,2,Black
40,1,3,Black
40,1,4,Black
40,1,5,Black
40,1,6,Black
40,1,7,Black
40,1,8,Black
40,1,9,Black
40,1,10,Black
40,1,11,Black
40,1,37,Red
40,2,0,Black
40,2,1,Black
40,2,2,Black
40,2,3,Black
40,2,4,Black
40,2,5,Black
40,2,6,Black
40,2,7,Black
40,2,8,Black
40,2,9,Black
40,2,10,Black
40,2,11,Black
40,2,14,Red
40,2,36,Red
40,2,37,Red
40,3,0,Black
40,3,1,Black
40,3,2,Black
40,3,3,Black
40,3,4,Black
40,3,5,Black
40,3,6,Black
40,3,7,Black
40,3,8,Black
40,3,9,Black
40,3,10,Black
40,3,11,Black
40,3,14,Red
40,3,15,Red
40,3,36,Red
40,3,37,Red
40,4,0,Black
40,4,1,Black
40,4,2,Black
40,4,3,Black
40,4,4,Black
40,4,5,Black
40,4,6,Black
40,4,7,Black
40,4,8,Black
40,4,9,Black
40,4,10,Black
40,4,11,Black
40,4,14,Red
40,4,15,Red
40,4,16,Red
40,4,35,Red
40,4,36,Red
40,5,0,Black
40,5,1,Black
40,5,2,Black
40,5,3,Black
40,5,4,Black
40,5,5,Black
40,5,6,Black
40,5,7,Black
40,5,8,Black
40,5,9,Black
40,5,10,Black
40,5,11,Black
40,5,15,Red
40,5,16,Red
40,5,17,Red
40,5,18,Red
40,5,19,Red
40,5,20,Red
40,5,21,Red
40,5,22,Red
40,5,23,Red
40,5,24,Red
40,5,25,Red
40,5,26,Red
40,5,27,Red
40,5,28,Red
40,5,29,Red
40,5,30,Red
40,5,31,Red
40,5,32,Red
40,5,33,Red
40,5,34,Red
40,5,35,Red
40,6,0,Black
40,6,1,Black
40,6,2,Black
40,6,3,Black
40,6,4,Black
40,6,5,Black
40,6,6,Black
40,6,7,Black
40,6,8,Black
40,6,9,Black
40,6,10,Black
40,6,11,Black
40,6,16,Red
40,6,17,Red
40,6,18,Red
40,6,19,Red
40,6,20,Red
40,6,21,Red
40,6,22,Red
40,6,23,Red
40,6,24,Red
40,6,25,Red
40,6,26,Red
40,6,27,Red
40,6,28,Red
40,6,29,Red
40,6,30,Red
40,6,31,Red
40,6,32,Red
40,6,33,Red
40,6,34,Red
40,6,35,Red
40,7,0,Black
40,7,1,Black
40,7,2,Black
40,7,3,Black
40,7,4,Black
40,7,5,Black
40,7,6,Black
40,7,7,Black
40,7,8,Black
40,7,9,Black
40,7,10,Black
40,7,11,Black
40,7,17,Red
40,7,18,Red
40,7,19,Red
40,7,20,Red
40,7,21,Red
40,7,22,Red
40,7,23,Red
40,7,24,Red
40,7,25,Red
40,7,26,Red
40,7,27,Red
40,7,28,Red
40,7,29,Red
40,7,30,Red
40,7,31,Red
40,7,32,Red
40,7,33,Red
40,7,34,Red
40,8,0,Black
40,8,1,Black
40,8,2,Black
40,8,3,Black
40,8,4,Black
40,8,5,Black
40,8,6,Black
40,8,7,Black
40,8,8,Black
40,8,9,Black
40,8,10,Black
40,8,11,Black
40,9,0,Black
40,9,1,Black
40,9,2,Black
40,9,3,Black
40,9,4,Black
40,9,5,Black
40,9,6,Black
40,9,7,Black
40,9,8,Black
40,9,9,Black
40,9,10,Black
40,9,11,Black
41,0,0,Black
41,0,1,Black
41,0,2,Black
41,0,3,Black
41,0,4,Black
41,0,5,Black
41,0,6,Black
41,0,7,Black
41,0,8,Black
41,0,9,Black
41,0,10,Black
41,0,11,Black
41,1,0,Black
41,1,1,Black
41,1,2,Black
41,1,3,Black
41,1,4,Black
41,1,5,Black
41,1,6,Black
41,1,7,Black
41,1,8,Black
41,1,9,Black
41,1,10,Black
41,1,11,Black
41,1,36,Red
41,2,0,Black
41,2,1,Black
41,2,2,Black
41,2,3,Black
41,2,4,Black
41,2,5,Black
41,2,6,Black
41,2,7,Black
41,2,8,Black
41,2,9,Black
41,2,10,Black
41,2,11,Black
41,2,15,Red
41,2,35,Red
41,2,36,Red
41,3,0,Black
41,3,1,Black
41,3,2,Black
41,3,3,Black
41,3,4,Black
41,3,5,Black
41,3,6,Black
41,3,7,Black
41,3,8,Black
41,3,9,Black
41,3,10,Black
41,3,11,Black
41,3,15,Red
41,3,16,Red
41,3,34,Red
41,3,35,Red
41,3,36,Red
41,4,0,Black
41,4,1,Black
41,4,2,Black
41,4,3,Black
41,4,4,Black
41,4,5,Black
41,4,6,Black
41,4,7,Black
41,4,8,Black
41,4,9,Black
41,4,10,Black
41,4,11,Black
41,4,15,Red
41,4,16,Red
41,4,17,Red
41,4,18,Red
41,4,33,Red
41,4,34,Red
41,4,35,Red
41,5,0,Black
41,5,1,Black
41,5,2,Black
41,5,3,Black
41,5,4,Black
41,5,5,Black
41,5,6,Black
41,5,7,Black
41,5,8,Black
41,5,9,Black
41,5,10,Black
41,5,11,Black
41,5,16,Red
41,5,17,Red
41,5,18,Red
41,5,19,Red
41,5,20,Red
41,5,21,Red
41,5,22,Red
41,5,23,Red
41,5,24,Red
41,5,25,Red
41,5,26,Red
41,5,27,Red
41,5,28,Red
41,5,29,Red
41,5,30,Red
41,5,31,Red
41,5,32,Red
41,5,33,Red
41,5,34,Red
41,6,0,Black
41,6,1,Black
41,6,2,Black
41,6,3,Black
41,6,4,Black
41,6,5,Black
41,6,6,Black
41,6,7,Black
41,6,8,Black
41,6,9,Black
41,6,10,Black
41,6,11,Black
41,6,17,Red
41,6,18,Red
41,6,19,Red
41,6,20,Red
41,6,21,Red
41,6,22,Red
41,6,23,Red
41,6,24,Red
41,6,25,Red
41,6,26,Red
41,6,27,Red
41,6,28,Red
41,6,29,Red
41,6,30,Red
41,6,31,Red
41,6,32,Red
41,6,33,Red
41,7,0,Black
41,7,1,Black
41,7,2,Black
41,7,3,Black
41,7,4,Black
41,7,5,Black
41,7,6,Black
41,7,7,Black
41,7,8,Black
41,7,9,Black
41,7,10,Black
41,7,11,Black
41,7,19,Red
41,7,20,Red
41,7,21,Red
41,7,22,Red
41,7,23,Red
41,7,24,Red
41,7,25,Red
41,7,26,Red
41,7,27,Red
41,7,28,Red
41,7,29,Red
41,7,30,Red
41,7,31,Red
41,7,32,Red
41,8,0,Black
41,8,1,Black
41,8,2,Black
41,8,3,Black
41,8,4,Black
41,8,5,Black
41,8,6,Black
41,8,7,Black
41,8,8,Black
41,8,9,Black
41,8,10,Black
41,8,11,Black
41,9,0,Black
41,9,1,Black
41,9,2,Black
41,9,3,Black
41,9,4,Black
41,9,5,Black
41,9,6,Black
41,9,7,Black
41,9,8,Black
41,9,9,Black
41,9,10,Black
41,9,11,Black
42,0,0,Black
42,0,1,Black
42,0,2,Black
42,0,3,Black
42,0,4,Black
42,0,5,Black
42,0,6,Black
42,0,7,Black
42,0,8,Black
42,0,9,Black
42,0,10,Black
42,0,11,Black
42,1,0,Black
42,1,1,Black
42,1,2,Black
42,1,3,Black
42,1,4,Black
42,1,5,Black
42,1,6,Black
42,1,7,Black
42,1,8,Black
42,1,9,Black
42,1,10,Black
42,1,11,Black
42,1,16,Red
42,1,35,Red
42,2,0,Black
42,2,1,Black
42,2,2,Black
42,2,3,Black
42,2,4,Black
42,2,5,Black
42,2,6,Black
42,2,7,Black
42,2,8,Black
42,2,9,Black
42,2,10,Black
42,2,11,Black
42,2,16,Red
42,2,17,Red
42,2,34,Red
42,2,35,Red
42,3,0,Black
42,3,1,Black
42,3,2,Black
42,3,3,Black
42,3,4,Black
42,3,5,Black
42,3,6,Black
42,3,7,Black
42,3,8,Black
42,3,9,Black
42,3,10,Black
42,3,11,Black
42,3,16,Red
42,3,17,Red
42,3,18,Red
42,3,33,Red
42,3,34,Red
42,3,35,Red
42,4,0,Black
42,4,1,Black
42,4,2,Black
42,4,3,Black
42,4,4,Black
42,4,5,Black
42,4,6,Black
42,4,7,Black
42,4,8,Black
42,4,9,Black
42,4,10,Black
42,4,11,Black
42,4,17,Red
42,4,18,Red
42,4,19,Red
42,4,32,Red
42,4,33,Red
42,4,34,Red
42,5,0,Black
42,5,1,Black
42,5,2,Black
42,5,3,Black
42,5,4,Black
42,5,5,Black
42,5,6,Black
42,5,7,Black
42,5,8,Black
42,5,9,Black
42,5,10,Black
42,5,11,Black
42,5,18,Red
42,5,19,Red
42,5,20,Red
42,5,21,Red
42,5,22,Red
42,5,23,Red
42,5,24,Red
42,5,25,Red
42,5,26,Red
42,5,27,Red
42,5,28,Red
42,5,29,Red
42,5,30,Red
42,5,31,Red
42,5,32,Red
42,5,33,Red
42,6,0,Black
42,6,1,Black
42,6,2,Black
42,6,3,Black
42,6,4,Black
42,6,5,Black
42,6,6,Black
42,6,7,Black
42,6,8,Black
42,6,9,Black
42,6,10,Black
42,6,11,Black
42,6,19,Red
42,6,20,Red
42,6,21,Red
42,6,22,Red
42,6,23,Red
42,6,24,Red
42,6,25,Red
42,6,26,Red
42,6,27,Red
42,6,28,Red
42,6,29,Red
42,6,30,Red
42,6,31,Red
42,6,32,Red
42,7,0,Black
42,7,1,Black
42,7,2,Black
42,7,3,Black
42,7,4,Black
42,7,5,Black
42,7,6,Black
42,7,7,Black
42,7,8,Black
42,7,9,Black
42,7,10,Black
42,7,11,Black
42,7,20,Red
42,7,21,Red
42,7,22,Red
42,7,23,Red
42,7,24,Red
42,7,25,Red
42,7,26,Red
42,7,27,Red
42,7,28,Red
42,7,29,Red
42,7,30,Red
42,7,31,Red
42,8,0,Black
42,8,1,Black
42,8,2,Black
42,8,3,Black
42,8,4,Black
42,8,5,Black
42,8,6,Black
42,8,7,Black
42,8,8,Black
42,8,9,Black
42,8,10,Black
42,8,11,Black
42,9,0,Black
42,9,1,Black
42,9,2,Black
42,9,3,Black
42,9,4,Black
42,9,5,Black
42,9,6,Black
42,9,7,Black
42,9,8,Black
42,9,9,Black
42,9,10,Black
42,9,11,Black
43,0,0,Black
43,0,1,Black
43,0,2,Black
43,0,3,Black
43,0,4,Black
43,0,5,Black
43,0,6,Black
43,0,7,Black
43,0,8,Black
43,0,9,Black
43,0,10,Black
43,0,11,Black
43,0,17,Red
43,1,0,Black
43,1,1,Black
43,1,2,Black
43,1,3,Black
43,1,4,Black
43,1,5,Black
43,1,6,Black
43,1,7,Black
43,1,8,Black
43,1,9,Black
43,1,10,Black
43,1,11,Black
43,1,17,Red
43,1,18,Red
43,1,34,Red
43,2,0,Black
43,2,1,Black
43,2,2,Black
43,2,3,Black
43,2,4,Black
43,2,5,Black
43,2,6,Black
43,2,7,Black
43,2,8,Black
43,2,9,Black
43,2,10,Black
43,2,11,Black
43,2,17,Red
43,2,18,Red
43,2,19,Red
43,2,33,Red
43,2,34,Red
43,3,0,Black
43,3,1,Black
43,3,2,Black
43,3,3,Black
43,3,4,Black
43,3,5,Black
43,3,6,Black
43,3,7,Black
43,3,8,Black
43,3,9,Black
43,3,10,Black
43,3,11,Black
43,3,18,Red
43,3,19,Red
43,3,20,Red
43,3,32,Red
43,3,33,Red
43,3,34,Red
43,4,0,Black
43,4,1,Black
43,4,2,Black
43,4,3,Black
43,4,4,Black
43,4,5,Black
43,4,6,Black
43,4,7,Black
43,4,8,Black
43,4,9,Black
43,4,10,Black
43,4,11,Black
43,4,19,Red
43,4,20,Red
43,4,21,Red
43,4,22,Red
43,4,31,Red
43,4,32,Red
43,4,33,Red
43,5,0,Black
43,5,1,Black
43,5,2,Black
43,5,3,Black
43,5,4,Black
43,5,5,Black
43,5,6,Black
43,5,7,Black
43,5,8,Black
43,5,9,Black
43,5,10,Black
43,5,11,Black
43,5,20,Red
43,5,21,Red
43,5,22,Red
43,5,23,Red
43,5,24,Red
43,5,25,Red
43,5,26,Red
43,5,27,Red
43,5,28,Red
43,5,29,Red
43,5,30,Red
43,5,31,Red
43,5,32,Red
43,6,0,Black
43,6,1,Black
43,6,2,Black
43,6,3,Black
43,6,4,Black
43,6,5,Black
43,6,6,Black
43,6,7,Black
43,6,8,Black
43,6,9,Black
43,6,10,Black
43,6,11,Black
43,6,21,Red
43,6,22,Red
43,6,23,Red
43,6,24,Red
43,6,25,Red
43,6,26,Red
43,6,27,Red
43,6,28,Red
43,6,29,Red
43,6,30,Red
43,6,31,Red
43,7,0,Black
43,7,1,Black
43,7,2,Black
43,7,3,Black
43,7,4,Black
43,7,5,Black
43,7,6,Black
43,7,7,Black
43,7,8,Black
43,7,9,Black
43,7,10,Black
43,7,11,Black
43,7,23,Red
43,7,24,Red
43,7,25,Red
43,7,26,Red
43,7,27,Red
43,7,28,Red
43,7,29,Red
43,7,30,Red
43,8,0,Black
43,8,1,Black
43,8,2,Black
43,8,3,Black
43,8,4,Black
43,8,5,Black
43,8,6,Black
43,8,7,Black
43,8,8,Black
43,8,9,Black
43,8,10,Black
43,8,11,Black
43,9,0,Black
43,9,1,Black
43,9,2,Black
43,9,3,Black
43,9,4,Black
43,9,5,Black
43,9,6,Black
43,9,7,Black
43,9,8,Black
43,9,9,Black
43,9,10,Black
43,9,11,Black
44,0,0,Black
44,0,1,Black
44,0,2,Black
44,0,3,Black
44,0,4,Black
44,0,5,Black
44,0,6,Black
44,0,7,Black
44,0,8,Black
44,0,9,Black
44,0,10,Black
44,0,11,Black
44,0,19,Red
44,0,33,Red
44,1,0,Black
44,1,1,Black
44,1,2,Black
44,1,3,Black
44,1,4,Black
44,1,5,Black
44,1,6,Black
44,1,7,Black
44,1,8,Black
44,1,9,Black
44,1,10,Black
44,1,11,Black
44,1,19,Red
44,1,32,Red
44,1,33,Red
44,2,0,Black
44,2,1,Black
44,2,2,Black
44,2,3,Black
44,2,4,Black
44,2,5,Black
44,2,6,Black
44,2,7,Black
44,2,8,Black
44,2,9,Black
44,2,10,Black
44,2,11,Black
44,2,19,Red
44,2,20,Red
44,2,32,Red
44,2,33,Red
44,3,0,Black
44,3,1,Black
44,3,2,Black
44,3,3,Black
44,3,4,Black
44,3,5,Black
44,3,6,Black
44,3,7,Black
44,3,8,Black
44,3,9,Black
44,3,10,Black
44,3,11,Black
44,3,20,Red
44,3,21,Red
44,3,31,Red
44,3,32,Red
44,4,0,Black
44,4,1,Black
44,4,2,Black
44,4,3,Black
44,4,4,Black
44,4,5,Black
44,4,6,Black
44,4,7,Black
44,4,8,Black
44,4,9,Black
44,4,10,Black
44,4,11,Black
44,4,20,Red
44,4,21,Red
44,4,22,Red
44,4,29,Red
44,4,30,Red
44,4,31,Red
44,5,0,Black
44,5,1,Black
44,5,2,Black
44,5,3,Black
44,5,4,Black
44,5,5,Black
44,5,6,Black
44,5,7,Black
44,5,8,Black
44,5,9,Black
44,5,10,Black
44,5,11,Black
44,5,21,Red
44,5,22,Red
44,5,23,Red
44,5,24,Red
44,5,25,Red
44,5,26,Red
44,5,27,Red
44,5,28,Red
44,5,29,Red
44,5,30,Red
44,5,31,Red
44,6,0,Black
44,6,1,Black
44,6,2,Black
44,6,3,Black
44,6,4,Black
44,6,5,Black
44,6,6,Black
44,6,7,Black
44,6,8,Black
44,6,9,Black
44,6,10,Black
44,6,11,Black
44,6,22,Red
44,6,23,Red
44,6,24,Red
44,6,25,Red
44,6,26,Red
44,6,27,Red
44,6,28,Red
44,6,29,Red
44,6,30,Red
44,7,0,Black
44,7,1,Black
44,7,2,Black
44,7,3,Black
44,7,4,Black
44,7,5,Black
44,7,6,Black
44,7,7,Black
44,7,8,Black
44,7,9,Black
44,7,10,Black
44,7,11,Black
44,7,23,Red
44,7,24,Red
44,7,25,Red
44,7,26,Red
44,7,27,Red
44,7,28,Red
44,8,0,Black
44,8,1,Black
44,8,2,Black
44,8,3,Black
44,8,4,Black
44,8,5,Black
44,8,6,Black
44,8,7,Black
44,8,8,Black
44,8,9,Black
44,8,10,Black
44,8,11,Black
44,9,0,Black
44,9,1,Black
44,9,2,Black
44,9,3,Black
44,9,4,Black
44,9,5,Black
44,9,6,Black
44,9,7,Black
44,9,8,Black
44,9,9,Black
44,9,10,Black
44,9,11,Black
45,0,0,Black
45,0,1,Black
45,0,2,Black
45,0,3,Black
45,0,4,Black
45,0,5,Black
45,0,6,Black
45,0,7,Black
45,0,8,Black
45,0,9,Black
45,0,10,Black
45,0,11,Black
45,0,18,Red
45,0,31,Red
45,1,0,Black
45,1,1,Black
45,1,2,Black
45,1,3,Black
45,1,4,Black
45,1,5,Black
45,1,6,Black
45,1,7,Black
45,1,8,Black
45,1,9,Black
45,1,10,Black
45,1,11,Black
45,1,18,Red
45,1,31,Red
45,2,0,Black
45,2,1,Black
45,2,2,Black
45,2,3,Black
45,2,4,Black
45,2,5,Black
45,2,6,Black
45,2,7,Black
45,2,8,Black
45,2,9,Black
45,2,10,Black
45,2,11,Black
45,2,18,Red
45,2,19,Red
45,2,30,Red
45,2,31,Red
45,3,0,Black
45,3,1,Black
45,3,2,Black
45,3,3,Black
45,3,4,Black
45,3,5,Black
45,3,6,Black
45,3,7,Black
45,3,8,Black
45,3,9,Black
45,3,10,Black
45,3,11,Black
45,3,19,Red
45,3,20,Red
45,3,29,Red
45,3,30,Red
45,4,0,Black
45,4,1,Black
45,4,2,Black
45,4,3,Black
45,4,4,Black
45,4,5,Black
45,4,6,Black
45,4,7,Black
45,4,8,Black
45,4,9,Black
45,4,10,Black
45,4,11,Black
45,4,19,Red
45,4,20,Red
45,4,21,Red
45,4,28,Red
45,4,29,Red
45,4,30,Red
45,5,0,Black
45,5,1,Black
45,5,2,Black
45,5,3,Black
45,5,4,Black
45,5,5,Black
45,5,6,Black
45,5,7,Black
45,5,8,Black
45,5,9,Black
45,5,10,Black
45,5,11,Black
45,5,20,Red
45,5,21,Red
45,5,22,Red
45,5,23,Red
45,5,24,Red
45,5,25,Red
45,5,26,Red
45,5,27,Red
45,5,28,Red
45,5,29,Red
45,6,0,Black
45,6,1,Black
45,6,2,Black
45,6,3,Black
45,6,4,Black
45,6,5,Black
45,6,6,Black
45,6,7,Black
45,6,8,Black
45,6,9,Black
45,6,10,Black
45,6,11,Black
45,6,21,Red
45,6,22,Red
45,6,23,Red
45,6,24,Red
45,6,25,Red
45,6,26,Red
45,6,27,Red
45,6,28,Red
45,7,0,Black
45,7,1,Black
45,7,2,Black
45,7,3,Black
45,7,4,Black
45,7,5,Black
45,7,6,Black
45,7,7,Black
45,7,8,Black
45,7,9,Black
45,7,10,Black
45,7,11,Black
45,7,22,Red
45,7,23,Red
45,7,24,Red
45,7,25,Red
45,7,26,Red
45,7,27,Red
45,8,0,Black
45,8,1,Black
45,8,2,Black
45,8,3,Black
45,8,4,Black
45,8,5,Black
45,8,6,Black
45,8,7,Black
45,8,8,Black
45,8,9,Black
45,8,10,Black
45,8,11,Black
45,9,0,Black
45,9,1,Black
45,9,2,Black
45,9,3,Black
45,9,4,Black
45,9,5,Black
45,9,6,Black
45,9,7,Black
45,9,8,Black
45,9,9,Black
45,9,10,Black
45,9,11,Black
46,0,0,Black
46,0,1,Black
46,0,2,Black
46,0,3,Black
46,0,4,Black
46,0,5,Black
46,0,6,Black
46,0,7,Black
46,0,8,Black
46,0,9,Black
46,0,10,Black
46,0,11,Black
46,0,17,Red
46,1,0,Black
46,1,1,Black
46,1,2,Black
46,1,3,Black
46,1,4,Black
46,1,5,Black
46,1,6,Black
46,1,7,Black
46,1,8,Black
46,1,9,Black
46,1,10,Black
46,1,11,Black
46,1,17,Red
46,1,29,Red
46,2,0,Black
46,2,1,Black
46,2,2,Black
46,2,3,Black
46,2,4,Black
46,2,5,Black
46,2,6,Black
46,2,7,Black
46,2,8,Black
46,2,9,Black
46,2,10,Black
46,2,11,Black
46,2,17,Red
46,2,18,Red
46,2,28,Red
46,2,29,Red
46,3,0,Black
46,3,1,Black
46,3,2,Black
46,3,3,Black
46,3,4,Black
46,3,5,Black
46,3,6,Black
46,3,7,Black
46,3,8,Black
46,3,9,Black
46,3,10,Black
46,3,11,Black
46,3,18,Red
46,3,27,Red
46,3,28,Red
46,3,29,Red
46,4,0,Black
46,4,1,Black
46,4,2,Black
46,4,3,Black
46,4,4,Black
46,4,5,Black
46,4,6,Black
46,4,7,Black
46,4,8,Black
46,4,9,Black
46,4,10,Black
46,4,11,Black
46,4,18,Red
46,4,19,Red
46,4,25,Red
46,4,26,Red
46,4,27,Red
46,4,28,Red
46,5,0,Black
46,5,1,Black
46,5,2,Black
46,5,3,Black
46,5,4,Black
46,5,5,Black
46,5,6,Black
46,5,7,Black
46,5,8,Black
46,5,9,Black
46,5,10,Black
46,5,11,Black
46,5,19,Red
46,5,20,Red
46,5,21,Red
46,5,22,Red
46,5,23,Red
46,5,24,Red
46,5,25,Red
46,5,26,Red
46,5,27,Red
46,6,0,Black
46,6,1,Black
46,6,2,Black
46,6,3,Black
46,6,4,Black
46,6,5,Black
46,6,6,Black
46,6,7,Black
46,6,8,Black
46,6,9,Black
46,6,10,Black
46,6,11,Black
46,6,19,Red
46,6,20,Red
46,6,21,Red
46,6,22,Red
46,6,23,Red
46,6,24,Red
46,6,25,Red
46,6,26,Red
46,7,0,Black
46,7,1,Black
46,7,2,Black
46,7,3,Black
46,7,4,Black
46,7,5,Black
46,7,6,Black
46,7,7,Black
46,7,8,Black
46,7,9,Black
46,7,10,Black
46,7,11,Black
46,7,20,Red
46,7,21,Red
46,7,22,Red
46,7,23,Red
46,7,24,Red
46,8,0,Black
46,8,1,Black
46,8,2,Black
46,8,3,Black
46,8,4,Black
46,8,5,Black
46,8,6,Black
46,8,7,Black
46,8,8,Black
46,8,9,Black
46,8,10,Black
46,8,11,Black
46,9,0,Black
46,9,1,Black
46,9,2,Black
46,9,3,Black
46,9,4,Black
46,9,5,Black
46,9,6,Black
46,9,7,Black
46,9,8,Black
46,9,9,Black
46,9,10,Black
46,9,11,Black
47,0,0,Black
47,0,1,Black
47,0,2,Black
47,0,3,Black
47,0,4,Black
47,0,5,Black
47,0,6,Black
47,0,7,Black
47,0,8,Black
47,0,9,Black
47,0,10,Black
47,0,11,Black
47,0,27,Red
47,1,0,Black
47,1,1,Black
47,1,2,Black
47,1,3,Black
47,1,4,Black
47,1,5,Black
47,1,6,Black
47,1,7,Black
47,1,8,Black
47,1,9,Black
47,1,10,Black
47,1,11,Black
47,1,16,Red
47,1,26,Red
47,1,27,Red
47,2,0,Black
47,2,1,Black
47,2,2,Black
47,2,3,Black
47,2,4,Black
47,2,5,Black
47,2,6,Black
47,2,7,Black
47,2,8,Black
47,2,9,Black
47,2,10,Black
47,2,11,Black
47,2,16,Red
47,2,26,Red
47,2,27,Red
47,3,0,Black
47,3,1,Black
47,3,2,Black
47,3,3,Black
47,3,4,Black
47,3,5,Black
47,3,6,Black
47,3,7,Black
47,3,8,Black
47,3,9,Black
47,3,10,Black
47,3,11,Black
47,3,16,Red
47,3,17,Red
47,3,24,Red
47,3,25,Red
47,3,26,Red
47,4,0,Black
47,4,1,Black
47,4,2,Black
47,4,3,Black
47,4,4,Black
47,4,5,Black
47,4,6,Black
47,4,7,Black
47,4,8,Black
47,4,9,Black
47,4,10,Black
47,4,11,Black
47,4,17,Red
47,4,18,Red
47,4,23,Red
47,4,24,Red
47,4,25,Red
47,5,0,Black
47,5,1,Black
47,5,2,Black
47,5,3,Black
47,5,4,Black
47,5,5,Black
47,5,6,Black
47,5,7,Black
47,5,8,Black
47,5,9,Black
47,5,10,Black
47,5,11,Black
47,5,17,Red
47,5,18,Red
47,5,19,Red
47,5,20,Red
47,5,21,Red
47,5,22,Red
47,5,23,Red
47,5,24,Red
47,5,25,Red
47,6,0,Black
47,6,1,Black
47,6,2,Black
47,6,3,Black
47,6,4,Black
47,6,5,Black
47,6,6,Black
47,6,7,Black
47,6,8,Black
47,6,9,Black
47,6,10,Black
47,6,11,Black
47,6,18,Red
47,6,19,Red
47,6,20,Red
47,6,21,Red
47,6,22,Red
47,6,23,Red
47,7,0,Black
47,7,1,Black
47,7,2,Black
47,7,3,Black
47,7,4,Black
47,7,5,Black
47,7,6,Black
47,7,7,Black
47,7,8,Black
47,7,9,Black
47,7,10,Black
47,7,11,Black
47,7,19,Red
47,7,20,Red
47,7,21,Red
47,7,22,Red
47,8,0,Black
47,8,1,Black
47,8,2,Black
47,8,3,Black
47,8,4,Black
47,8,5,Black
47,8,6,Black
47,8,7,Black
47,8,8,Black
47,8,9,Black
47,8,10,Black
47,8,11,Black
47,9,0,Black
47,9,1,Black
47,9,2,Black
47,9,3,Black
47,9,4,Black
47,9,5,Black
47,9,6,Black
47,9,7,Black
47,9,8,Black
47,9,9,Black
47,9,10,Black
47,9,11,Black
48,0,0,Black
48,0,1,Black
48,0,2,Black
48,0,3,Black
48,0,4,Black
48,0,5,Black
48,0,6,Black
48,0,7,Black
48,0,8,Black
48,0,9,Black
48,0,10,Black
48,0,11,Black
48,0,25,Red
48,1,0,Black
48,1,1,Black
48,1,2,Black
48,1,3,Black
48,1,4,Black
48,1,5,Black
48,1,6,Black
48,1,7,Black
48,1,8,Black
48,1,9,Black
48,1,10,Black
48,1,11,Black
48,1,24,Red
48,1,25,Red
48,2,0,Black
48,2,1,Black
48,2,2,Black
48,2,3,Black
48,2,4,Black
48,2,5,Black
48,2,6,Black
48,2,7,Black
48,2,8,Black
48,2,9,Black
48,2,10,Black
48,2,11,Black
48,2,15,Red
48,2,23,Red
48,2,24,Red
48,2,25,Red
48,3,0,Black
48,3,1,Black
48,3,2,Black
48,3,3,Black
48,3,4,Black
48,3,5,Black
48,3,6,Black
48,3,7,Black
48,3,8,Black
48,3,9,Black
48,3,10,Black
48,3,11,Black
48,3,15,Red
48,3,22,Red
48,3,23,Red
48,3,24,Red
48,4,0,Black
48,4,1,Black
48,4,2,Black
48,4,3,Black
48,4,4,Black
48,4,5,Black
48,4,6,Black
48,4,7,Black
48,4,8,Black
48,4,9,Black
48,4,10,Black
48,4,11,Black
48,4,15,Red
48,4,16,Red
48,4,21,Red
48,4,22,Red
48,4,23,Red
48,5,0,Black
48,5,1,Black
48,5,2,Black
48,5,3,Black
48,5,4,Black
48,5,5,Black
48,5,6,Black
48,5,7,Black
48,5,8,Black
48,5,9,Black
48,5,10,Black
48,5,11,Black
48,5,16,Red
48,5,17,Red
48,5,18,Red
48,5,19,Red
48,5,20,Red
48,5,21,Red
48,5,22,Red
48,6,0,Black
48,6,1,Black
48,6,2,Black
48,6,3,Black
48,6,4,Black
48,6,5,Black
48,6,6,Black
48,6,7,Black
48,6,8,Black
48,6,9,Black
48,6,10,Black
48,6,11,Black
48,6,16,Red
48,6,17,Red
48,6,18,Red
48,6,19,Red
48,6,20,Red
48,6,21,Red
48,7,0,Black
48,7,1,Black
48,7,2,Black
48,7,3,Black
48,7,4,Black
48,7,5,Black
48,7,6,Black
48,7,7,Black
48,7,8,Black
48,7,9,Black
48,7,10,Black
48,7,11,Black
48,7,17,Red
48,7,18,Red
48,7,19,Red
48,7,20,Red
48,8,0,Black
48,8,1,Black
48,8,2,Black
48,8,3,Black
48,8,4,Black
48,8,5,Black
48,8,6,Black
48,8,7,Black
48,8,8,Black
48,8,9,Black
48,8,10,Black
48,8,11,Black
48,9,0,Black
48,9,1,Black
48,9,2,Black
48,9,3,Black
48,9,4,Black
48,9,5,Black
48,9,6,Black
48,9,7,Black
48,9,8,Black
48,9,9,Black
48,9,10,Black
48,9,11,Black
49,0,0,Black
49,0,1,Black
49,0,2,Black
49,0,3,Black
49,0,4,Black
49,0,5,Black
49,0,6,Black
49,0,7,Black
49,0,8,Black
49,0,9,Black
49,0,10,Black
49,0,11,Black
49,0,13,Red
49,0,22,Red
49,1,0,Black
49,1,1,Black
49,1,2,Black
49,1,3,Black
49,1,4,Black
49,1,5,Black
49,1,6,Black
49,1,7,Black
49,1,8,Black
49,1,9,Black
49,1,10,Black
49,1,11,Black
49,1,13,Red
49,1,21,Red
49,1,22,Red
49,2,0,Black
49,2,1,Black
49,2,2,Black
49,2,3,Black
49,2,4,Black
49,2,5,Black
49,2,6,Black
49,2,7,Black
49,2,8,Black
49,2,9,Black
49,2,10,Black
49,2,11,Black
49,2,13,Red
49,2,21,Red
49,2,22,Red
49,3,0,Black
49,3,1,Black
49,3,2,Black
49,3,3,Black
49,3,4,Black
49,3,5,Black
49,3,6,Black
49,3,7,Black
49,3,8,Black
49,3,9,Black
49,3,10,Black
49,3,11,Black
49,3,14,Red
49,3,19,Red
49,3,20,Red
49,3,21,Red
49,4,0,Black
49,4,1,Black
49,4,2,Black
49,4,3,Black
49,4,4,Black
49,4,5,Black
49,4,6,Black
49,4,7,Black
49,4,8,Black
49,4,9,Black
49,4,10,Black
49,4,11,Black
49,4,14,Red
49,4,18,Red
49,4,19,Red
49,4,20,Red
49,5,0,Black
49,5,1,Black
49,5,2,Black
49,5,3,Black
49,5,4,Black
49,5,5,Black
49,5,6,Black
49,5,7,Black
49,5,8,Black
49,5,9,Black
49,5,10,Black
49,5,11,Black
49,5,14,Red
49,5,15,Red
49,5,16,Red
49,5,17,Red
49,5,18,Red
49,5,19,Red
49,5,20,Red
49,6,0,Black
49,6,1,Black
49,6,2,Black
49,6,3,Black
49,6,4,Black
49,6,5,Black
49,6,6,Black
49,6,7,Black
49,6,8,Black
49,6,9,Black
49,6,10,Black
49,6,11,Black
49,6,15,Red
49,6,16,Red
49,6,17,Red
49,6,18,Red
49,7,0,Black
49,7,1,Black
49,7,2,Black
49,7,3,Black
49,7,4,Black
49,7,5,Black
49,7,6,Black
49,7,7,Black
49,7,8,Black
49,7,9,Black
49,7,10,Black
49,7,11,Black
49,7,15,Red
49,7,16,Red
49,7,17,Red
49,8,0,Black
49,8,1,Black
49,8,2,Black
49,8,3,Black
49,8,4,Black
49,8,5,Black
49,8,6,Black
49,8,7,Black
49,8,8,Black
49,8,9,Black
49,8,10,Black
49,8,11,Black
49,9,0,Black
49,9,1,Black
49,9,2,Black
49,9,3,Black
49,9,4,Black
49,9,5,Black
49,9,6,Black
49,9,7,Black
49,9,8,Black
49,9,9,Black
49,9,10,Black
49,9,11,Black
50,0,19,Red
50,1,12,Red
50,1,19,Red
50,2,12,Red
50,2,18,Red
50,2,19,Red
50,3,12,Red
50,3,17,Red
50,3,18,Red
50,4,13,Red
50,4,16,Red
50,4,17,Red
50,4,18,Red
50,5,13,Red
50,5,14,Red
50,5,15,Red
50,5,16,Red
50,5,17,Red
50,6,13,Red
50,6,14,Red
50,6,15,Red
50,6,16,Red
50,7,14,Red
50,7,15,Red
51,1,16,Red
51,2,11,Red
51,2,16,Red
51,3,11,Red
51,3,15,Red
51,3,16,Red
51,4,11,Red
51,4,14,Red
51,4,15,Red
51,5,12,Red
51,5,13,Red
51,5,14,Red
51,5,15,Red
51,6,12,Red
51,6,13,Red
51,6,14,Red
51,7,12,Red
51,7,13,Red
52,0,14,Red
52,1,14,Red
52,2,10,Red
52,2,14,Red
52,3,10,Red
52,3,13,Red
52,4,10,Red
52,4,12,Red
52,4,13,Red
52,5,11,Red
52,5,12,Red
52,5,13,Red
52,6,11,Red
52,6,12,Red
52,7,11,Red
53,0,12,Red
53,1,12,Red
53,2,9,Red
53,2,12,Red
53,3,9,Red
53,3,11,Red
53,4,9,Red
53,4,11,Red
53,5,10,Red
53,5,11,Red
53,6,10,Red
53,7,10,Red
54,1,8,Red
54,1,10,Red
54,2,8,Red
54,2,10,Red
54,3,8,Red
54,3,10,Red
54,5,9,Red
54,6,9,Red
54,7,9,Red
55,4,8,Red
55,5,8,Red
55,6,8,Red
56,0,12,Black
56,0,13,Black
56,0,14,Black
56,0,15,Black
56,0,16,Black
56,0,17,Black
56,0,18,Black
56,0,19,Black
56,0,20,Black
56,0,21,Black
56,0,22,Black
56,0,23,Black
56,0,24,Black
56,0,25,Black
56,0,26,Black
56,0,27,Black
56,0,28,Black
56,0,29,Black
56,0,30,Black
56,0,31,Black
56,1,12,Black
56,1,13,Black
56,1,14,Black
56,1,15,Black
56,1,16,Black
56,1,17,Black
56,1,18,Black
56,1,19,Black
56,1,20,Black
56,1,21,Black
56,1,22,Black
56,1,23,Black
56,1,24,Black
56,1,25,Black
56,1,26,Black
56,1,27,Black
56,1,28,Black
56,1,29,Black
56,1,30,Black
56,1,31,Black
56,2,12,Black
56,2,13,Black
56,2,14,Black
56,2,15,Black
56,2,16,Black
56,2,17,Black
56,2,18,Black
56,2,19,Black
56,2,20,Black
56,2,21,Black
56,2,22,Black
56,2,23,Black
56,2,24,Black
56,2,25,Black
56,2,26,Black
56,2,27,Black
56,2,28,Black
56,2,29,Black
56,2,30,Black
56,2,31,Black
56,3,12,Black
56,3,13,Black
56,3,14,Black
56,3,15,Black
56,3,16,Black
56,3,17,Black
56,3,18,Black
56,3,19,Black
56,3,20,Black
56,3,21,Black
56,3,22,Black
56,3,23,Black
56,3,24,Black
56,3,25,Black
56,3,26,Black
56,3,27,Black
56,3,28,Black
56,3,29,Black
56,3,30,Black
56,3,31,Black
56,4,7,Red
56,4,12,Black
56,4,13,Black
56,4,14,Black
56,4,15,Black
56,4,16,Black
56,4,17,Black
56,4,18,Black
56,4,19,Black
56,4,20,Black
56,4,21,Black
56,4,22,Black
56,4,23,Black
56,4,24,Black
56,4,25,Black
56,4,26,Black
56,4,27,Black
56,4,28,Black
56,4,29,Black
56,4,30,Black
56,4,31,Black
56,5,7,Red
56,5,12,Black
56,5,13,Black
56,5,14,Black
56,5,15,Black
56,5,16,Black
56,5,17,Black
56,5,18,Black
56,5,19,Black
56,5,20,Black
56,5,21,Black
56,5,22,Black
56,5,23,Black
56,5,24,Black
56,5,25,Black
56,5,26,Black
56,5,27,Black
56,5,28,Black
56,5,29,Black
56,5,30,Black
56,5,31,Black
56,6,7,Red
56,6,12,Black
56,6,13,Black
56,6,14,Black
56,6,15,Black
56,6,16,Black
56,6,17,Black
56,6,18,Black
56,6,19,Black
56,6,20,Black
56,6,21,Black
56,6,22,Black
56,6,23,Black
56,6,24,Black
56,6,25,Black
56,6,26,Black
56,6,27,Black
56,6,28,Black
56,6,29,Black
56,6,30,Black
56,6,31,Black
56,7,12,Black
56,7,13,Black
56,7,14,Black
56,7,15,Black
56,7,16,Black
56,7,17,Black
56,7,18,Black
56,7,19,Black
56,7,20,Black
56,7,21,Black
56,7,22,Black
56,7,23,Black
56,7,24,Black
56,7,25,Black
56,7,26,Black
56,7,27,Black
56,7,28,Black
56,7,29,Black
56,7,30,Black
56,7,31,Black
56,8,12,Black
56,8,13,Black
56,8,14,Black
56,8,15,Black
56,8,16,Black
56,8,17,Black
56,8,18,Black
56,8,19,Black
56,8,20,Black
56,8,21,Black
56,8,22,Black
56,8,23,Black
56,8,24,Black
56,8,25,Black
56,8,26,Black
56,8,27,Black
56,8,28,Black
56,8,29,Black
56,8,30,Black
56,8,31,Black
56,9,12,Black
56,9,13,Black
56,9,14,Black
56,9,15,Black
56,9,16,Black
56,9,17,Black
56,9,18,Black
56,9,19,Black
56,9,20,Black
56,9,21,Black
56,9,22,Black
56,9,23,Black
56,9,24,Black
56,9,25,Black
56,9,26,Black
56,9,27,Black
56,9,28,Black
56,9,29,Black
56,9,30,Black
56,9,31,Black
57,0,7,Red
57,0,12,Black
57,0,13,Black
57,0,14,Black
57,0,15,Black
57,0,16,Black
57,0,17,Black
57,0,18,Black
57,0,19,Black
57,0,20,Black
57,0,21,Black
57,0,22,Black
57,0,23,Black
57,0,24,Black
57,0,25,Black
57,0,26,Black
57,0,27,Black
57,0,28,Black
57,0,29,Black
57,0,30,Black
57,0,31,Black
57,1,7,Red
57,1,12,Black
57,1,13,Black
57,1,14,Black
57,1,15,Black
57,1,16,Black
57,1,17,Black
57,1,18,Black
57,1,19,Black
57,1,20,Black
57,1,21,Black
57,1,22,Black
57,1,23,Black
57,1,24,Black
57,1,25,Black
57,1,26,Black
57,1,27,Black
57,1,28,Black
57,1,29,Black
57,1,30,Black
57,1,31,Black
57,2,7,Red
57,2,12,Black
57,2,13,Black
57,2,14,Black
57,2,15,Black
57,2,16,Black
57,2,17,Black
57,2,18,Black
57,2,19,Black
57,2,20,Black
57,2,21,Black
57,2,22,Black
57,2,23,Black
57,2,24,Black
57,2,25,Black
57,2,26,Black
57,2,27,Black
57,2,28,Black
57,2,29,Black
57,2,30,Black
57,2,31,Black
57,3,12,Black
57,3,13,Black
57,3,14,Black
57,3,15,Black
57,3,16,Black
57,3,17,Black
57,3,18,Black
57,3,19,Black
57,3,20,Black
57,3,21,Black
57,3,22,Black
57,3,23,Black
57,3,24,Black
57,3,25,Black
57,3,26,Black
57,3,27,Black
57,3,28,Black
57,3,29,Black
57,3,30,Black
57,3,31,Black
57,4,12,Black
57,4,13,Black
57,4,14,Black
57,4,15,Black
57,4,16,Black
57,4,17,Black
57,4,18,Black
57,4,19,Black
57,4,20,Black
57,4,21,Black
57,4,22,Black
57,4,23,Black
57,4,24,Black
57,4,25,Black
57,4,26,Black
57,4,27,Black
57,4,28,Black
57,4,29,Black
57,4,30,Black
57,4,31,Black
57,5,12,Black
57,5,13,Black
57,5,14,Black
57,5,15,Black
57,5,16,Black
57,5,17,Black
57,5,18,Black
57,5,19,Black
57,5,20,Black
57,5,21,Black
57,5,22,Black
57,5,23,Black
57,5,24,Black
57,5,25,Black
57,5,26,Black
57,5,27,Black
57,5,28,Black
57,5,29,Black
57,5,30,Black
57,5,31,Black
57,6,12,Black
57,6,13,Black
57,6,14,Black
57,6,15,Black
57,6,16,Black
57,6,17,Black
57,6,18,Black
57,6,19,Black
57,6,20,Black
57,6,21,Black
57,6,22,Black
57,6,23,Black
57,6,24,Black
57,6,25,Black
57,6,26,Black
57,6,27,Black
57,6,28,Black
57,6,29,Black
57,6,30,Black
57,6,31,Black
57,7,12,Black
57,7,13,Black
57,7,14,Black
57,7,15,Black
57,7,16,Black
57,7,17,Black
57,7,18,Black
57,7,19,Black
57,7,20,Black
57,7,21,Black
57,7,22,Black
57,7,23,Black
57,7,24,Black
57,7,25,Black
57,7,26,Black
57,7,27,Black
57,7,28,Black
57,7,29,Black
57,7,30,Black
57,7,31,Black
57,8,12,Black
57,8,13,Black
57,8,14,Black
57,8,15,Black
57,8,16,Black
57,8,17,Black
57,8,18,Black
57,8,19,Black
57,8,20,Black
57,8,21,Black
57,8,22,Black
57,8,23,Black
57,8,24,Black
57,8,25,Black
57,8,26,Black
57,8,27,Black
57,8,28,Black
57,8,29,Black
57,8,30,Black
57,8,31,Black
57,9,12,Black
57,9,13,Black
57,9,14,Black
57,9,15,Black
57,9,16,Black
57,9,17,Black
57,9,18,Black
57,9,19,Black
57,9,20,Black
57,9,21,Black
57,9,22,Black
57,9,23,Black
57,9,24,Black
57,9,25,Black
57,9,26,Black
57,9,27,Black
57,9,28,Black
57,9,29,Black
57,9,30,Black
57,9,31,Black
58,0,12,Black
58,0,13,Black
58,0,14,Black
58,0,15,Black
58,0,16,Black
58,0,17,Black
58,0,18,Black
58,0,19,Black
58,0,20,Black
58,0,21,Black
58,0,22,Black
58,0,23,Black
58,0,24,Black
58,0,25,Black
58,0,26,Black
58,0,27,Black
58,0,28,Black
58,0,29,Black
58,0,30,Black
58,0,31,Black
58,1,12,Black
58,1,13,Black
58,1,14,Black
58,1,15,Black
58,1,16,Black
58,1,17,Black
58,1,18,Black
58,1,19,Black
58,1,20,Black
58,1,21,Black
58,1,22,Black
58,1,23,Black
58,1,24,Black
58,1,25,Black
58,1,26,Black
58,1,27,Black
58,1,28,Black
58,1,29,Black
58,1,30,Black
58,1,31,Black
58,2,12,Black
58,2,13,Black
58,2,14,Black
58,2,15,Black
58,2,16,Black
58,2,17,Black
58,2,18,Black
58,2,19,Black
58,2,20,Black
58,2,21,Black
58,2,22,Black
58,2,23,Black
58,2,24,Black
58,2,25,Black
58,2,26,Black
58,2,27,Black
58,2,28,Black
58,2,29,Black
58,2,30,Black
58,2,31,Black
58,3,12,Black
58,3,13,Black
58,3,14,Black
58,3,15,Black
58,3,16,Black
58,3,17,Black
58,3,18,Black
58,3,19,Black
58,3,20,Black
58,3,21,Black
58,3,22,Black
58,3,23,Black
58,3,24,Black
58,3,25,Black
58,3,26,Black
58,3,27,Black
58,3,28,Black
58,3,29,Black
58,3,30,Black
58,3,31,Black
58,4,12,Black
58,4,13,Black
58,4,14,Black
58,4,15,Black
58,4,16,Black
58,4,17,Black
58,4,18,Black
58,4,19,Black
58,4,20,Black
58,4,21,Black
58,4,22,Black
58,4,23,Black
58,4,24,Black
58,4,25,Black
58,4,26,Black
58,4,27,Black
58,4,28,Black
58,4,29,Black
58,4,30,Black
58,4,31,Black
58,5,12,Black
58,5,13,Black
58,5,14,Black
58,5,15,Black
58,5,16,Black
58,5,17,Black
58,5,18,Black
58,5,19,Black
58,5,20,Black
58,5,21,Black
58,5,22,Black
58,5,23,Black
58,5,24,Black
58,5,25,Black
58,5,26,Black
58,5,27,Black
58,5,28,Black
58,5,29,Black
58,5,30,Black
58,5,31,Black
58,6,12,Black
58,6,13,Black
58,6,14,Black
58,6,15,Black
58,6,16,Black
58,6,17,Black
58,6,18,Black
58,6,19,Black
58,6,20,Black
58,6,21,Black
58,6,22,Black
58,6,23,Black
58,6,24,Black
58,6,25,Black
58,6,26,Black
58,6,27,Black
58,6,28,Black
58,6,29,Black
58,6,30,Black
58,6,31,Black
58,7,12,Black
58,7,13,Black
58,7,14,Black
58,7,15,Black
58,7,16,Black
58,7,17,Black
58,7,18,Black
58,7,19,Black
58,7,20,Black
58,7,21,Black
58,7,22,Black
58,7,23,Black
58,7,24,Black
58,7,25,Black
58,7,26,Black
58,7,27,Black
58,7,28,Black
58,7,29,Black
58,7,30,Black
58,7,31,Black
58,8,12,Black
58,8,13,Black
58,8,14,Black
58,8,15,Black
58,8,16,Black
58,8,17,Black
58,8,18,Black
58,8,19,Black
58,8,20,Black
58,8,21,Black
58,8,22,Black
58,8,23,Black
58,8,24,Black
58,8,25,Black
58,8,26,Black
58,8,27,Black
58,8,28,Black
58,8,29,Black
58,8,30,Black
58,8,31,Black
58,9,12,Black
58,9,13,Black
58,9,14,Black
58,9,15,Black
58,9,16,Black
58,9,17,Black
58,9,18,Black
58,9,19,Black
58,9,20,Black
58,9,21,Black
58,9,22,Black
58,9,23,Black
58,9,24,Black
58,9,25,Black
58,9,26,Black
58,9,27,Black
58,9,28,Black
58,9,29,Black
58,9,30,Black
58,9,31,Black
59,0,12,Black
59,0,13,Black
59,0,14,Black
59,0,15,Black
59,0,16,Black
59,0,17,Black
59,0,18,Black
59,0,19,Black
59,0,20,Black
59,0,21,Black
59,0,22,Black
59,0,23,Black
59,0,24,Black
59,0,25,Black
59,0,26,Black
59,0,27,Black
59,0,28,Black
59,0,29,Black
59,0,30,Black
59,0,31,Black
59,1,12,Black
59,1,13,Black
59,1,14,Black
59,1,15,Black
59,1,16,Black
59,1,17,Black
59,1,18,Black
59,1,19,Black
59,1,20,Black
59,1,21,Black
59,1,22,Black
59,1,23,Black
59,1,24,Black
59,1,25,Black
59,1,26,Black
59,1,27,Black
59,1,28,Black
59,1,29,Black
59,1,30,Black
59,1,31,Black
59,2,12,Black
59,2,13,Black
59,2,14,Black
59,2,15,Black
59,2,16,Black
59,2,17,Black
59,2,18,Black
59,2,19,Black
59,2,20,Black
59,2,21,Black
59,2,22,Black
59,2,23,Black
59,2,24,Black
59,2,25,Black
59,2,26,Black
59,2,27,Black
59,2,28,Black
59,2,29,Black
59,2,30,Black
59,2,31,Black
59,3,12,Black
59,3,13,Black
59,3,14,Black
59,3,15,Black
59,3,16,Black
59,3,17,Black
59,3,18,Black
59,3,19,Black
59,3,20,Black
59,3,21,Black
59,3,22,Black
59,3,23,Black
59,3,24,Black
59,3,25,Black
59,3,26,Black
59,3,27,Black
59,3,28,Black
59,3,29,Black
59,3,30,Black
59,3,31,Black
59,4,12,Black
59,4,13,Black
59,4,14,Black
59,4,15,Black
59,4,16,Black
59,4,17,Black
59,4,18,Black
59,4,19,Black
59,4,20,Black
59,4,21,Black
59,4,22,Black
59,4,23,Black
59,4,24,Black
59,4,25,Black
59,4,26,Black
59,4,27,Black
59,4,28,Black
59,4,29,Black
59,4,30,Black
59,4,31,Black
59,5,12,Black
59,5,13,Black
59,5,14,Black
59,5,15,Black
59,5,16,Black
59,5,17,Black
59,5,18,Black
59,5,19,Black
59,5,20,Black
59,5,21,Black
59,5,22,Black
59,5,23,Black
59,5,24,Black
59,5,25,Black
59,5,26,Black
59,5,27,Black
59,5,28,Black
59,5,29,Black
59,5,30,Black
59,5,31,Black
59,6,12,Black
59,6,13,Black
59,6,14,Black
59,6,15,Black
59,6,16,Black
59,6,17,Black
59,6,18,Black
59,6,19,Black
59,6,20,Black
59,6,21,Black
59,6,22,Black
59,6,23,Black
59,6,24,Black
59,6,25,Black
59,6,26,Black
59,6,27,Black
59,6,28,Black
59,6,29,Black
59,6,30,Black
59,6,31,Black
59,7,12,Black
59,7,13,Black
59,7,14,Black
59,7,15,Black
59,7,16,Black
59,7,17,Black
59,7,18,Black
59,7,19,Black
59,7,20,Black
59,7,21,Black
59,7,22,Black
59,7,23,Black
59,7,24,Black
59,7,25,Black
59,7,26,Black
59,7,27,Black
59,7,28,Black
59,7,29,Black
59,7,30,Black
59,7,31,Black
59,8,12,Black
59,8,13,Black
59,8,14,Black
59,8,15,Black
59,8,16,Black
59,8,17,Black
59,8,18,Black
59,8,19,Black
59,8,20,Black
59,8,21,Black
59,8,22,Black
59,8,23,Black
59,8,24,Black
59,8,25,Black
59,8,26,Black
59,8,27,Black
59,8,28,Black
59,8,29,Black
59,8,30,Black
59,8,31,Black
59,9,12,Black
59,9,13,Black
59,9,14,Black
59,9,15,Black
59,9,16,Black
59,9,17,Black
59,9,18,Black
59,9,19,Black
59,9,20,Black
59,9,21,Black
59,9,22,Black
59,9,23,Black
59,9,24,Black
59,9,25,Black
59,9,26,Black
59,9,27,Black
59,9,28,Black
59,9,29,Black
59,9,30,Black
59,9,31,Black
60,0,12,Black
60,0,13,Black
60,0,14,Black
60,0,15,Black
60,0,16,Black
60,0,17,Black
60,0,18,Black
60,0,19,Black
60,0,20,Black
60,0,21,Black
60,0,22,Black
60,0,23,Black
60,0,24,Black
60,0,25,Black
60,0,26,Black
60,0,27,Black
60,0,28,Black
60,0,29,Black
60,0,30,Black
60,0,31,Black
60,1,12,Black
60,1,13,Black
60,1,14,Black
60,1,15,Black
60,1,16,Black
60,1,17,Black
60,1,18,Black
60,1,19,Black
60,1,20,Black
60,1,21,Black
60,1,22,Black
60,1,23,Black
60,1,24,Black
60,1,25,Black
60,1,26,Black
60,1,27,Black
60,1,28,Black
60,1,29,Black
60,1,30,Black
60,1,31,Black
60,2,12,Black
60,2,13,Black
60,2,14,Black
60,2,15,Black
60,2,16,Black
60,2,17,Black
60,2,18,Black
60,2,19,Black
60,2,20,Black
60,2,21,Black
60,2,22,Black
60,2,23,Black
60,2,24,Black
60,2,25,Black
60,2,26,Black
60,2,27,Black
60,2,28,Black
60,2,29,Black
60,2,30,Black
60,2,31,Black
60,3,12,Black
60,3,13,Black
60,3,14,Black
60,3,15,Black
60,3,16,Black
60,3,17,Black
60,3,18,Black
60,3,19,Black
60,3,20,Black
60,3,21,Black
60,3,22,Black
60,3,23,Black
60,3,24,Black
60,3,25,Black
60,3,26,Black
60,3,27,Black
60,3,28,Black
60,3,29,Black
60,3,30,Black
60,3,31,Black
60,4,12,Black
60,4,13,Black
60,4,14,Black
60,4,15,Black
60,4,16,Black
60,4,17,Black
60,4,18,Black
60,4,19,Black
60,4,20,Black
60,4,21,Black
60,4,22,Black
60,4,23,Black
60,4,24,Black
60,4,25,Black
60,4,26,Black
60,4,27,Black
60,4,28,Black
60,4,29,Black
60,4,30,Black
60,4,31,Black
60,5,12,Black
60,5,13,Black
60,5,14,Black
60,5,15,Black
60,5,16,Black
60,5,17,Black
60,5,18,Black
60,5,19,Black
60,5,20,Black
60,5,21,Black
60,5,22,Black
60,5,23,Black
60,5,24,Black
60,5,25,Black
60,5,26,Black
60,5,27,Black
60,5,28,Black
60,5,29,Black
60,5,30,Black
60,5,31,Black
60,6,12,Black
60,6,13,Black
60,6,14,Black
60,6,15,Black
60,6,16,Black
60,6,17,Black
60,6,18,Black
60,6,19,Black
60,6,20,Black
60,6,21,Black
60,6,22,Black
60,6,23,Black
60,6,24,Black
60,6,25,Black
60,6,26,Black
60,6,27,Black
60,6,28,Black
60,6,29,Black
60,6,30,Black
60,6,31,Black
60,7,12,Black
60,7,13,Black
60,7,14,Black
60,7,15,Black
60,7,16,Black
60,7,17,Black
60,7,18,Black
60,7,19,Black
60,7,20,Black
60,7,21,Black
60,7,22,Black
60,7,23,Black
60,7,24,Black
60,7,25,Black
60,7,26,Black
60,7,27,Black
60,7,28,Black
60,7,29,Black
60,7,30,Black
60,7,31,Black
60,8,12,Black
60,8,13,Black
60,8,14,Black
60,8,15,Black
60,8,16,Black
60,8,17,Black
60,8,18,Black
60,8,19,Black
60,8,20,Black
60,8,21,Black
60,8,22,Black
60,8,23,Black
60,8,24,Black
60,8,25,Black
60,8,26,Black
60,8,27,Black
60,8,28,Black
60,8,29,Black
60,8,30,Black
60,8,31,Black
60,9,12,Black
60,9,13,Black
60,9,14,Black
60,9,15,Black
60,9,16,Black
60,9,17,Black
60,9,18,Black
60,9,19,Black
60,9,20,Black
60,9,21,Black
60,9,22,Black
60,9,23,Black
60,9,24,Black
60,9,25,Black
60,9,26,Black
60,9,27,Black
60,9,28,Black
60,9,29,Black
60,9,30,Black
60,9,31,Black
61,0,12,Black
61,0,13,Black
61,0,14,Black
61,0,15,Black
61,0,16,Black
61,0,17,Black
61,0,18,Black
61,0,19,Black
61,0,20,Black
61,0,21,Black
61,0,22,Black
61,0,23,Black
61,0,24,Black
61,0,25,Black
61,0,26,Black
61,0,27,Black
61,0,28,Black
61,0,29,Black
61,0,30,Black
61,0,31,Black
61,1,12,Black
61,1,13,Black
61,1,14,Black
61,1,15,Black
61,1,16,Black
61,1,17,Black
61,1,18,Black
61,1,19,Black
61,1,20,Black
61,1,21,Black
61,1,22,Black
61,1,23,Black
61,1,24,Black
61,1,25,Black
61,1,26,Black
61,1,27,Black
61,1,28,Black
61,1,29,Black
61,1,30,Black
61,1,31,Black
61,2,12,Black
61,2,13,Black
61,2,14,Black
61,2,15,Black
61,2,16,Black
61,2,17,Black
61,2,18,Black
61,2,19,Black
61,2,20,Black
61,2,21,Black
61,2,22,Black
61,2,23,Black
61,2,24,Black
61,2,25,Black
61,2,26,Black
61,2,27,Black
61,2,28,Black
61,2,29,Black
61,2,30,Black
61,2,31,Black
61,3,12,Black
61,3,13,Black
61,3,14,Black
61,3,15,Black
61,3,16,Black
61,3,17,Black
61,3,18,Black
61,3,19,Black
61,3,20,Black
61,3,21,Black
61,3,22,Black
61,3,23,Black
61,3,24,Black
61,3,25,Black
61,3,26,Black
61,3,27,Black
61,3,28,Black
61,3,29,Black
61,3,30,Black
61,3,31,Black
61,4,12,Black
61,4,13,Black
61,4,14,Black
61,4,15,Black
61,4,16,Black
61,4,17,Black
61,4,18,Black
61,4,19,Black
61,4,20,Black
61,4,21,Black
61,4,22,Black
61,4,23,Black
61,4,24,Black
61,4,25,Black
61,4,26,Black
61,4,27,Black
61,4,28,Black
61,4,29,Black
61,4,30,Black
61,4,31,Black
61,5,12,Black
61,5,13,Black
61,5,14,Black
61,5,15,Black
61,5,16,Black
61,5,17,Black
61,5,18,Black
61,5,19,Black
61,5,20,Black
61,5,21,Black
61,5,22,Black
61,5,23,Black
61,5,24,Black
61,5,25,Black
61,5,26,Black
61,5,27,Black
61,5,28,Black
61,5,29,Black
61,5,30,Black
61,5,31,Black
61,6,12,Black
61,6,13,Black
61,6,14,Black
61,6,15,Black
61,6,16,Black
61,6,17,Black
61,6,18,Black
61,6,19,Black
61,6,20,Black
61,6,21,Black
61,6,22,Black
61,6,23,Black
61,6,24,Black
61,6,25,Black
61,6,26,Black
61,6,27,Black
61,6,28,Black
61,6,29,Black
61,6,30,Black
61,6,31,Black
61,7,12,Black
61,7,13,Black
61,7,14,Black
61,7,15,Black
61,7,16,Black
61,7,17,Black
61,7,18,Black
61,7,19,Black
61,7,20,Black
61,7,21,Black
61,7,22,Black
61,7,23,Black
61,7,24,Black
61,7,25,Black
61,7,26,Black
61,7,27,Black
61,7,28,Black
61,7,29,Black
61,7,30,Black
61,7,31,Black
61,8,12,Black
61,8,13,Black
61,8,14,Black
61,8,15,Black
61,8,16,Black
61,8,17,Black
61,8,18,Black
61,8,19,Black
61,8,20,Black
61,8,21,Black
61,8,22,Black
61,8,23,Black
61,8,24,Black
61,8,25,Black
61,8,26,Black
61,8,27,Black
61,8,28,Black
61,8,29,Black
61,8,30,Black
61,8,31,Black
61,9,12,Black
61,9,13,Black
61,9,14,Black
61,9,15,Black
61,9,16,Black
61,9,17,Black
61,9,18,Black
61,9,19,Black
61,9,20,Black
61,9,21,Black
61,9,22,Black
61,9,23,Black
61,9,24,Black
61,9,25,Black
61,9,26,Black
61,9,27,Black
61,9,28,Black
61,9,29,Black
61,9,30,Black
61,9,31,Black
